Workbook

Sheet JAN- TO FEB,MARCH
K1: DATE 13-04-2026
A2: ALLOTEE RENT PAYABLE DETAILS
A3: S.NOS. | B3: BRAND NAME | C3: SHOP NOS. | D3: ALLOTEE NAME | E3: SQ.FT. | F3: RENT MONTH OF Jan-2026 | G3: RENT MONTH OF Feb-2026 | H3: RENT MONTH OF MARCH-2026 | I3: RENT MONTH OF APRIL-2026 | J3: ALLOTEE RENT PAYABLE | K3: FOR THE MONTH OF JAN-26 TO FEB-26 | L3: REMARKS
A4: 1 | B4: HRY JEWELLERS | C4: G0059 | D4: RASHID HUSSAIN KHAN | E4: 96 | F4: 14400 | G4: 14400 | J4: =F4+G4 -> 28800 | K4: JAN-26 TO FEB-26 | L4: ADVANCE RENT ADJUSTED JAN TO FEB
C5: G0060 | D5: ABDUL WALI | E5: 96 | F5: 14400 | G5: 14400 | J5: =F5+G5 -> 28800 | K5: JAN-26 TO FEB-26 | L5: ADVANCE RENT ADJUSTED JAN TO FEB
A6: 2 | B6: ELENOR | C6: G0081 | D6: ALIYA BEGUM | E6: 96 | G6: 14400 | J6: =F6+G6 -> 14400 | K6: FEB-26 | L6: ISSHUED ON 07-05-2026
A7: 3 | B7: SALMAN SAIF | C7: G0050 | D7: TALAT ASHFAQ QURESHI | E7: 96 | G7: 17280 | J7: =F7+G7 -> 17280 | K7: FEB-26 | L7: ISSHUED ON 18-04-2026
C8: G0051 | D8: PROFESSIONAL MANAGEMENT | E8: 98 | G8: 17640 | J8: =F8+G8 -> 17640 | K8: FEB-26
C9: G0052 | D9: PROFESSIONAL MANAGEMENT | E9: 99 | G9: 17820 | J9: =F9+G9 -> 17820 | K9: FEB-26
C10: G0054 | D10: PROFESSIONAL MANAGEMENT | E10: 147 | G10: 26460 | J10: =F10+G10 -> 26460 | K10: FEB-26
C11: G0072 | D11: PROFESSIONAL MANAGEMENT | E11: 147 | G11: 26460 | J11: =F11+G11 -> 26460 | K11: FEB-26
C12: G0073 | D12: FALAKNAZ GROUP | E12: 99 | G12: 17820 | J12: =F12+G12 -> 17820 | K12: FEB-26
C13: G0074 | D13: PROFESSIONAL MANAGEMENT | E13: 192 | G13: 34560 | J13: =F13+G13 -> 34560 | K13: FEB-26
A14: 4 | B14: DOLLAR WORLD | C14: G0026 | D14: FALAKNAZ GROUP | E14: 144 | F14: 14400 | G14: 14400 | J14: =F14+G14 -> 28800 | K14: JAN-26 TO FEB-26
C15: G0027 | D15: MUHAMMAD IMRAN | E15: 96 | F15: 9600 | G15: 9600 | J15: =F15+G15 -> 19200 | K15: JAN-26 TO FEB-26
C16: G0028 | D16: HAMID ALI | E16: 96 | F16: 9600 | G16: 9600 | J16: =F16+G16 -> 19200 | K16: JAN-26 TO FEB-26
C17: G0030 | D17: ASIM QURESHI | SAQIB QURESHI | E17: 96 | F17: 9600 | G17: 9600 | J17: =F17+G17 -> 19200 | K17: JAN-26 TO FEB-26
C18: G0031 | D18: ASHFAQ AHMED SIDDIQUI | E18: 118 | F18: 11800 | G18: 11800 | J18: =F18+G18 -> 23600 | K18: JAN-26 TO FEB-26
C19: G0032 | D19: ASHFAQ AHMED SIDDIQUI | E19: 118 | F19: 11800 | G19: 11800 | J19: =F19+G19 -> 23600 | K19: JAN-26 TO FEB-26
C20: G0034 | D20: DANISH AHMED SIDDIQUI | E20: 96 | F20: 9600 | G20: 9600 | J20: =F20+G20 -> 19200 | K20: JAN-26 TO FEB-26 | L20: ISSHUED ON 22-04-2026
C21: G0036 | D21: KAY KAY GROUP | E21: 96 | F21: 9600 | G21: 9600 | J21: =F21+G21 -> 19200 | K21: JAN-26 TO FEB-26
C22: G0037 | D22: AZHAR ALI | E22: 96 | F22: 9600 | G22: 9600 | J22: =F22+G22 -> 19200 | K22: JAN-26 TO FEB-26
C23: G0038 | D23: FALAKNAZ GROUP | E23: 144 | F23: 14400 | G23: 14400 | J23: =F23+G23 -> 28800 | K23: JAN-26 TO FEB-26
A24: 5 | B24: BEMBENINE | C24: G0067 | D24: SOHAIL INTIZAR | E24: 96 | F24: 28800 | G24: 28800 | H24: 28800 | J24: =H24+G24+F24 -> 86400 | K24: JAN-26 TO FEB-26 ,MARCH-26
C25: G0068 | D25: MUHAMMAD RAFIQUE BURIRO | E25: 96 | F25: 28800 | G25: 28800 | H25: 28800 | J25: =H25+G25+F25 -> 86400 | K25: JAN-26 TO FEB-26 ,MARCH-26
C26: G0069 | D26: KAY KAY GROUP | E26: 99 | F26: 29700 | G26: 29700 | H26: 29700 | J26: =H26+G26+F26 -> 89100 | K26: JAN-26 TO FEB-26 ,MARCH-26
C27: G0071 | D27: KAY KAY GROUP | E27: 147 | F27: 44100 | G27: 44100 | H27: 44100 | J27: =H27+G27+F27 -> 132300 | K27: JAN-26 TO FEB-26 ,MARCH-26
A28: 7 | B28: NENDOS EXTENTION | C28: G0018 | D28: PROFESSIONAL MANAGEMENT | E28: 144 | G28: 28800 | H28: 28800 | J28: =G28+H28 -> 57600 | K28: FEB-26 ,MARCH-26,APRIL-26
C29: G0019 | D29: SYED RIZWAN HUSSAIN | E29: 98 | G29: 19600 | H29: 19600 | J29: =F29+G29 -> 19600 | K29: FEB-26
C30: G0020 | D30: SYED ASIF ALI | E30: 98 | G30: 19600 | H30: 19600 | J30: =F30+G30 -> 19600 | K30: FEB-26
C31: G0021 | D31: NIAZ AHMED | E31: 99 | G31: 19800 | H31: 19800 | J31: =F31+G31 -> 19800 | K31: FEB-26
C32: G0022 | D32: ISRAR AHMED | E32: 96 | G32: 19200 | H32: 19200 | J32: =F32+G32 -> 19200 | K32: FEB-26
C33: G0023 | D33: MUHAMMAD LAEEQ | E33: 96 | G33: 19200 | H33: 19200 | J33: =F33+G33 -> 19200 | K33: FEB-26 | L33: ISSHUED ON 16-04-2026
C34: G0025 | D34: SYED SAMMER ABBAS ZAIDI | E34: 147 | G34: 29400 | H34: 29400 | J34: =F34+G34 -> 29400 | K34: FEB-26
C35: G0040 | D35: PROFESSIONAL MANAGEMENT | E35: 147 | G35: 29400 | H35: 29400 | J35: =F35+G35 -> 29400 | K35: FEB-26
C36: G0041 | D36: MUHAMMAD ABID SALEEM UDDIN | E36: 99 | G36: 19800 | H36: 19800 | J36: =F36+G36 -> 19800 | K36: FEB-26
C37: G0043 | D37: PROFESSIONAL MANAGEMENT | E37: 192 | G37: 38400 | H37: 38400 | J37: =F37+G37 -> 38400 | K37: FEB-26
C38: G0044 | D38: FALAKNAZ GROUP | E38: 96 | G38: 19200 | H38: 19200 | J38: =F38+G38 -> 19200 | K38: FEB-26
C39: G0045 | D39: PROFESSIONAL MANAGEMENT | E39: 96 | G39: 19200 | H39: 19200 | J39: =F39+G39 -> 19200 | K39: FEB-26
A40: 8 | B40: STYLE IN | C40: G0082 | D40: SYED SAIF UR REHMAN | E40: 96 | G40: 28800 | J40: =F40+G40 -> 28800 | K40: FEB-26 | L40: ISSHUED ON 16-04-2026
E41: =SUM(E4:E40) -> 4208
A42: TOTAL | F42: =SUM(F4:F41) -> 270200 | G42: =SUM(G4:G41) -> 753040 | J42: =SUM(J4:J41) -> 1183440
A48: ALLOTEE RENT PAYABLE DETAILS
A49: S.NO | B49: BRAND NAME | C49: SHOP NO | D49: SQ.FT | E49: KAMPUS RENT | J49: REMARKS
A50: 1 | B50: BACHA CAR RIDES | C50: KIOSK | E50: 20000
A51: 2 | B51: BACHA PARTY CORNS | C51: KIOSK | E51: 30000
A52: 3 | B52: SANA SWEETS CORN | C52: KIOSK#3 | D52: 6X5 FT | E52: 50000
A53: 4 | B53: ELEGANCIA (OSAMA) | C53: KIOSK NO 5 | D53: 8X9 FT | E53: 30000
A54: 5 | B54: N\S SCENTIQUE | C54: KIOSK 2 | D54: 4X6 FEET | E54: 15000
A55: 6 | B55: Scoop & Smile | C55: KIOSK NO 4 | D55: 8X8 FEET | E55: 35000
A56: 7 | B56: THE TIE STORE | C56: KISOSK 1 | D56: 7X10 FEET | E56: 25000
A57: 8 | B57: TURK STATION | C57: KISOSK 3 | D57: 5x8 FEET | E57: 50000
A58: TOTAL | E58: =SUM(E50:E57) -> 255000
K64: DATE 13-04-2026
A65: ALLOTEE RENT PAYABLE DETAILS
A66: S.NOS. | B66: BRAND NAME | C66: SHOP NOS. | D66: ALLOTEE NAME | E66: SQ.FT. | F66: RENT MONTH OF Jan-2026 | G66: RENT MONTH OF Feb-2026 | H66: RENT MONTH OF MARCH-2026 | I66: RENT MONTH OF APRIL-2026 | J66: ALLOTEE RENT PAYABLE | K66: FOR THE MONTH OF JAN-26 TO FEB-26 | L66: REMARKS
A67: 1 | B67: HRY JEWELLERS | C67: G0059 | D67: RASHID HUSSAIN KHAN | E67: 96 | F67: 14400 | G67: 14400 | H67: 0 | I67: 0 | J67: =F67+G67+H67+I67 -> 28800 | K67: JAN-26 TO FEB-26 | L67: ADVANCE RENT ADJUSTED JAN TO FEB
C68: G0060 | D68: ABDUL WALI | E68: 96 | F68: 14400 | G68: 14400 | H68: 0 | I68: 0 | J68: =F68+G68+H68+I68 -> 28800 | K68: JAN-26 TO FEB-26 | L68: ADVANCE RENT ADJUSTED JAN TO FEB
A69: 2 | B69: ELENOR | C69: G0081 | D69: ALIYA BEGUM | E69: 96 | F69: 0 | G69: 14400 | H69: 14400 | I69: 14400 | J69: =F69+G69+H69+I69 -> 43200 | K69: FEB-26 | L69: ISSHUED ON 07-05-2026
A70: 3 | B70: SALMAN SAIF | C70: G0050 | D70: TALAT ASHFAQ QURESHI | E70: 96 | F70: 0 | G70: 17280 | H70: 0 | I70: 0 | J70: =F70+G70+H70+I70 -> 17280 | K70: FEB-26 | L70: ISSHUED ON 18-04-2026
C71: G0051 | D71: PROFESSIONAL MANAGEMENT | E71: 98 | F71: 0 | G71: 17640 | H71: 0 | I71: 0 | J71: =F71+G71+H71+I71 -> 17640 | K71: FEB-26
C72: G0052 | D72: PROFESSIONAL MANAGEMENT | E72: 99 | F72: 0 | G72: 17820 | H72: 0 | I72: 0 | J72: =F72+G72+H72+I72 -> 17820 | K72: FEB-26
C73: G0054 | D73: PROFESSIONAL MANAGEMENT | E73: 147 | F73: 0 | G73: 26460 | H73: 0 | I73: 0 | J73: =F73+G73+H73+I73 -> 26460 | K73: FEB-26
C74: G0072 | D74: PROFESSIONAL MANAGEMENT | E74: 147 | F74: 0 | G74: 26460 | H74: 0 | I74: 0 | J74: =F74+G74+H74+I74 -> 26460 | K74: FEB-26
C75: G0073 | D75: FALAKNAZ GROUP | E75: 99 | F75: 0 | G75: 17820 | H75: 0 | I75: 0 | J75: =F75+G75+H75+I75 -> 17820 | K75: FEB-26
C76: G0074 | D76: PROFESSIONAL MANAGEMENT | E76: 192 | F76: 0 | G76: 34560 | H76: 0 | I76: 0 | J76: =F76+G76+H76+I76 -> 34560 | K76: FEB-26
A77: 4 | B77: DOLLAR WORLD | C77: G0026 | D77: FALAKNAZ GROUP | E77: 144 | F77: 14400 | G77: 14400 | H77: 14400 | I77: 14400 | J77: =F77+G77+H77+I77 -> 57600 | K77: JAN-26 TO FEB-26
C78: G0027 | D78: MUHAMMAD IMRAN | E78: 96 | F78: 9600 | G78: 9600 | H78: 9600 | I78: 9600 | J78: =F78+G78+H78+I78 -> 38400 | K78: JAN-26 TO FEB-26
C79: G0028 | D79: HAMID ALI | E79: 96 | F79: 9600 | G79: 9600 | H79: 9600 | I79: 9600 | J79: =F79+G79+H79+I79 -> 38400 | K79: JAN-26 TO FEB-26
C80: G0030 | D80: ASIM QURESHI | SAQIB QURESHI | E80: 96 | F80: 9600 | G80: 9600 | H80: 9600 | I80: 9600 | J80: =F80+G80+H80+I80 -> 38400 | K80: JAN-26 TO FEB-26
C81: G0031 | D81: ASHFAQ AHMED SIDDIQUI | E81: 118 | F81: 11800 | G81: 11800 | H81: 11800 | I81: 11800 | J81: =F81+G81+H81+I81 -> 47200 | K81: JAN-26 TO FEB-26
C82: G0032 | D82: ASHFAQ AHMED SIDDIQUI | E82: 118 | F82: 11800 | G82: 11800 | H82: 11800 | I82: 11800 | J82: =F82+G82+H82+I82 -> 47200 | K82: JAN-26 TO FEB-26
C83: G0034 | D83: DANISH AHMED SIDDIQUI | E83: 96 | F83: 9600 | G83: 9600 | H83: 9600 | I83: 9600 | J83: =F83+G83+H83+I83 -> 38400 | K83: JAN-26 TO FEB-26 | L83: ISSHUED ON 22-04-2026
C84: G0036 | D84: KAY KAY GROUP | E84: 96 | F84: 9600 | G84: 9600 | H84: 9600 | I84: 9600 | J84: =F84+G84+H84+I84 -> 38400 | K84: JAN-26 TO FEB-26
C85: G0037 | D85: AZHAR ALI | E85: 96 | F85: 9600 | G85: 9600 | H85: 9600 | I85: 9600 | J85: =F85+G85+H85+I85 -> 38400 | K85: JAN-26 TO FEB-26
C86: G0038 | D86: FALAKNAZ GROUP | E86: 144 | F86: 14400 | G86: 14400 | H86: 14400 | I86: 14400 | J86: =F86+G86+H86+I86 -> 57600 | K86: JAN-26 TO FEB-26
A87: 5 | B87: BEMBENINE | C87: G0067 | D87: SOHAIL INTIZAR | E87: 96 | F87: 28800 | G87: 28800 | H87: 28800 | I87: 28800 | J87: =F87+G87+H87+I87 -> 115200 | K87: JAN-26 TO FEB-26 ,MARCH-26
C88: G0068 | D88: MUHAMMAD RAFIQUE BURIRO | E88: 96 | F88: 28800 | G88: 28800 | H88: 28800 | I88: 28800 | J88: =F88+G88+H88+I88 -> 115200 | K88: JAN-26 TO FEB-26 ,MARCH-26
C89: G0069 | D89: KAY KAY GROUP | E89: 99 | F89: 29700 | G89: 29700 | H89: 29700 | I89: 29700 | J89: =F89+G89+H89+I89 -> 118800 | K89: JAN-26 TO FEB-26 ,MARCH-26
C90: G0071 | D90: KAY KAY GROUP | E90: 147 | F90: 44100 | G90: 44100 | H90: 44100 | I90: 44100 | J90: =F90+G90+H90+I90 -> 176400 | K90: JAN-26 TO FEB-26 ,MARCH-26
A91: 6 | B91: NENDOS EXTENTION | C91: G0018 | D91: PROFESSIONAL MANAGEMENT | E91: 144 | F91: 0 | G91: 28800 | H91: 28800 | I91: 28800 | J91: =F91+G91+H91+I91 -> 86400 | K91: FEB-26 ,MARCH-26,APRIL-26
C92: G0019 | D92: SYED RIZWAN HUSSAIN | E92: 98 | F92: 0 | G92: 19600 | H92: 19600 | I92: 19600 | J92: =F92+G92+H92+I92 -> 58800 | K92: FEB-26
C93: G0020 | D93: SYED ASIF ALI | E93: 98 | F93: 0 | G93: 19600 | H93: 19600 | I93: 19600 | J93: =F93+G93+H93+I93 -> 58800 | K93: FEB-26
C94: G0021 | D94: NIAZ AHMED | E94: 99 | F94: 0 | G94: 19800 | H94: 19800 | I94: 19800 | J94: =F94+G94+H94+I94 -> 59400 | K94: FEB-26
C95: G0022 | D95: ISRAR AHMED | E95: 96 | F95: 0 | G95: 19200 | H95: 19200 | I95: 19200 | J95: =F95+G95+H95+I95 -> 57600 | K95: FEB-26
C96: G0023 | D96: MUHAMMAD LAEEQ | E96: 96 | F96: 0 | G96: 19200 | H96: 19200 | I96: 19200 | J96: =F96+G96+H96+I96 -> 57600 | K96: FEB-26 | L96: ISSHUED ON 16-04-2026
C97: G0025 | D97: SYED SAMMER ABBAS ZAIDI | E97: 147 | F97: 0 | G97: 29400 | H97: 29400 | I97: 29400 | J97: =F97+G97+H97+I97 -> 88200 | K97: FEB-26
C98: G0040 | D98: PROFESSIONAL MANAGEMENT | E98: 147 | F98: 0 | G98: 29400 | H98: 29400 | I98: 29400 | J98: =F98+G98+H98+I98 -> 88200 | K98: FEB-26
C99: G0041 | D99: MUHAMMAD ABID SALEEM UDDIN | E99: 99 | F99: 0 | G99: 19800 | H99: 19800 | I99: 19800 | J99: =F99+G99+H99+I99 -> 59400 | K99: FEB-26
C100: G0043 | D100: PROFESSIONAL MANAGEMENT | E100: 192 | F100: 0 | G100: 38400 | H100: 38400 | I100: 38400 | J100: =F100+G100+H100+I100 -> 115200 | K100: FEB-26
C101: G0044 | D101: FALAKNAZ GROUP | E101: 96 | F101: 0 | G101: 19200 | H101: 19200 | I101: 19200 | J101: =F101+G101+H101+I101 -> 57600 | K101: FEB-26
C102: G0045 | D102: PROFESSIONAL MANAGEMENT | E102: 96 | F102: 0 | G102: 19200 | H102: 19200 | I102: 19200 | J102: =F102+G102+H102+I102 -> 57600 | K102: FEB-26
A103: 7 | B103: STYLE IN | C103: G0082 | D103: SYED SAIF UR REHMAN | E103: 96 | F103: 0 | G103: 28800 | H103: 28800 | I103: 28800 | J103: =F103+G103+H103+I103 -> 86400 | K103: FEB-26 | L103: ISSHUED ON 16-04-2026
E104: =SUM(E67:E103) -> 4208
A105: TOTAL | F105: =SUM(F67:F104) -> 270200 | G105: =SUM(G67:G104) -> 753040 | H105: =SUM(H67:H104) -> 566200 | I105: =SUM(I67:I104) -> 566200 | J105: =SUM(J67:J104) -> 2155640
A121: S.NOS. | B121: BRAND NAME | C121: SHOP NOS. | D121: ALLOTEE NAME | E121: SQ.FT.
A122: 1 | B122: ZAM ZAM GIFT CENTRE | C122: UG-199 | D122: ? | E122: 0
C123: UG-200 | D123: NAZAR UDDIN | E123: 96 | F123: OK
C124: 0 | D124: ABDUL WALI | E124: 0
A125: 2 | B125: ROSHNI ABAYA | C125: UG-036 | D125: IRFAN AHMED KHAN | E125: 43.75
...

Sheet Sheet4
B3: S.NOS. | C3: BRAND NAME | D3: SHOP NOS. | E3: ALLOTEE NAME | F3: SQ.FT. | G3: RENT MONTH OF JAN-2026 | L3: RENT MONTH OF FEB-2026 | Q3: RENT MONTH OF MARCH-2026 | V3: RENT MONTH OF APRIL-2026 | AA3: RENT MONTH OF MAY-2026
G4: AMOUNT | H4: CHQ NO. | I4: PAID | J4: DATE | K4: IN HAND | L4: AMOUNT | M4: CHQ NO. | N4: PAID | O4: DATE | P4: IN HAND | Q4: AMOUNT | R4: CHQ NO. | S4: PAID | T4: DATE | U4: IN HAND | V4: AMOUNT | W4: CHQ NO. | X4: PAID | Y4: DATE | Z4: IN HAND | AA4: AMOUNT | AB4: CHQ NO. | AC4: PAID | AD4: DATE | AE4: IN HAND
B5: 1 | C5: HRY JEWELLERS | D5: G0059 | E5: RASHID HUSSAIN KHAN | F5: 96 | H5: 33394909 | M5: 33394910 | R5: - | T5: - | W5: - | Y5: - | AB5: - | AD5: -
D6: G0060 | E6: ABDUL WALI | F6: 96 | H6: 33394911 | M6: 33394912 | R6: - | T6: - | W6: - | Y6: - | AB6: - | AD6: -
B7: 2 | C7: ELENOR | D7: G0081 | E7: ALIYA BEGUM | F7: 96 | H7: - | J7: - | M7: 33394908 | O7: 46208 | R7: 33649747 | T7: 18-06-2026 | W7: 33394946 | Y7: 27-06-2026 | AB7: 33394947 | AD7: 27-06-2026
B8: 3 | C8: SALMAN SAIF | D8: G0050 | E8: TALAT ASHFAQ QURESHI | F8: 96 | H8: - | J8: - | M8: 33394913 | O8: 22-04-26 | R8: - | T8: - | W8: - | Y8: - | AB8: - | AD8: -
D9: G0051 | E9: PROFESSIONAL MANAGEMENT | F9: 98 | H9: - | J9: - | M9: 33649726 | R9: - | T9: - | W9: - | Y9: - | AB9: - | AD9: -
D10: G0052 | E10: PROFESSIONAL MANAGEMENT | F10: 99 | H10: - | J10: - | M10: 33649727 | R10: - | T10: - | W10: - | Y10: - | AB10: - | AD10: -
D11: G0054 | E11: PROFESSIONAL MANAGEMENT | F11: 147 | H11: - | J11: - | M11: 33649728 | R11: - | T11: - | W11: - | Y11: - | AB11: - | AD11: -
D12: G0072 | E12: PROFESSIONAL MANAGEMENT | F12: 147 | H12: - | J12: - | M12: 33649729 | R12: - | T12: - | W12: - | Y12: - | AB12: - | AD12: -
D13: G0073 | E13: FALAKNAZ GROUP | F13: 99 | H13: - | J13: - | M13: 33649730 | R13: - | T13: - | W13: - | Y13: - | AB13: - | AD13: -
D14: G0074 | E14: PROFESSIONAL MANAGEMENT | F14: 192 | H14: - | J14: - | M14: 33649731 | R14: - | T14: - | W14: - | Y14: - | AB14: - | AD14: -
B15: 4 | C15: DOLLAR WORLD | D15: G0026 | E15: FALAKNAZ GROUP | F15: 144 | H15: 33649732 | M15: 33649733 | R15: - | T15: - | W15: - | Y15: - | AB15: - | AD15: -
D16: G0027 | E16: MUHAMMAD IMRAN | F16: 96 | H16: 33394914 | M16: 33394915 | R16: 33649748 | W16: 33649770 | AB16: 33649785
D17: G0028 | E17: HAMID ALI | F17: 96 | H17: 33394916 | M17: 33394917 | R17: 33649749 | W17: 33649769 | AB17: 33649786
D18: G0030 | E18: ASIM QURESHI | SAQIB QURESHI | F18: 96 | H18: 33394926 | M18: 33394927 | R18: 33649750 | W18: 33649771 | AB18: 33649787
D19: G0031 | E19: ASHFAQ AHMED SIDDIQUI | F19: 118 | H19: 33394918 | M19: 33394919 | R19: 33649751 | W19: 33649772 | AB19: 33649788
D20: G0032 | E20: ASHFAQ AHMED SIDDIQUI | F20: 118 | H20: 33394920 | M20: 33394921 | R20: 33649752 | W20: 33649773 | AB20: 33649789
D21: G0034 | E21: DANISH AHMED SIDDIQUI | F21: 96 | H21: 33394923 | J21: 22-04-26 | O21: 22-04-26 | R21: 33649753 | T21: 25-05-26 | W21: 33649774 | Y21: 27-07-2026 | AB21: 33649790 | AD21: 27-07-2026
D22: G0036 | E22: KAY KAY GROUP | F22: 96 | H22: 33649734 | M22: 33649735 | R22: - | T22: - | W22: - | Y22: - | AB22: - | AD22: -
D23: G0037 | E23: AZHAR ALI | F23: 96 | H23: 33394924 | M23: 33394925 | R23: 33649754 | W23: 33649775 | AB23: 33649791
D24: G0038 | E24: FALAKNAZ GROUP | F24: 144 | H24: 33649736 | M24: 33649737 | R24: - | T24: - | W24: - | Y24: - | AB24: - | AD24: -
B25: 5 | C25: BEMBENINE | D25: G0067 | E25: SOHAIL INTIZAR | F25: 96 | H25: 33394928 | M25: 33394929 | R25: 33649763 | W25: 33649783 | AB25: 33649798
D26: G0068 | E26: MUHAMMAD RAFIQUE BURIRO | F26: 96 | H26: 33394930 | M26: 33394931 | R26: 33649764 | W26: 33649784 | AB26: 33649799
D27: G0069 | E27: KAY KAY GROUP | F27: 99 | H27: 33649738 | M27: 33649739 | R27: - | T27: - | W27: - | Y27: - | AB27: - | AD27: -
D28: G0071 | E28: KAY KAY GROUP | F28: 147 | H28: 33649740 | M28: 33649741 | R28: - | T28: - | W28: - | Y28: - | AB28: - | AD28: -
B29: 6 | C29: NENDOS EXTENTION | D29: G0018 | E29: PROFESSIONAL MANAGEMENT | F29: 144 | H29: - | J29: - | M29: 33649742 | R29: - | T29: - | W29: - | Y29: - | AB29: - | AD29: -
D30: G0019 | E30: SYED RIZWAN HUSSAIN | F30: 98 | H30: - | J30: - | M30: 33394932 | O30: HOLD | R30: 33649755 | T30: HOLD | W30: 33649776 | AB30: 33649792
D31: G0020 | E31: SYED ASIF ALI | F31: 98 | H31: - | J31: - | M31: 33394933 | R31: 33649756 | W31: 33649777 | AB31: 33649793
D32: G0021 | E32: NIAZ AHMED | F32: 99 | H32: - | J32: - | M32: 33394934 | O32: 21-05-26 | R32: 33649757 | T32: 46271 | W32: 33649778 | Y32: 46088 | AB32: 33649794 | AD32: 46088
D33: G0022 | E33: RIAZ AHMED (ISRAR AHMED) | F33: 96 | H33: - | J33: - | M33: 33649765 | O33: 46271 | R33: 33649758 | T33: 46271 | W33: 33649800 | Y33: 46088 | AB33: 33649801 | AD33: 46088
D34: G0023 | E34: MUHAMMAD LAEEQ | F34: 96 | H34: - | J34: - | M34: 33394936 | O34: 20-04-26 | R34: 33649759 | T34: 21-05-26 | W34: 33649780 | Y34: 46060 | AB34: 33649795 | AD34: 46060
D35: G0025 | E35: SYED SAMMER ABBAS ZAIDI | F35: 147 | H35: - | J35: - | M35: 33394937 | R35: 33649760 | W35: 33649781 | AB35: 33649796
D36: G0040 | E36: PROFESSIONAL MANAGEMENT | F36: 147 | H36: - | J36: - | M36: 33649743 | R36: - | T36: - | W36: - | Y36: - | AB36: - | AD36: -
D37: G0041 | E37: MUHAMMAD ABID SALEEM UDDIN | F37: 99 | H37: - | J37: - | M37: 33394938 | R37: 33649761 | W37: 33649782 | AB37: 33649797
D38: G0043 | E38: PROFESSIONAL MANAGEMENT | F38: 192 | H38: - | J38: - | M38: 33649744 | R38: - | T38: - | W38: - | Y38: - | AB38: - | AD38: -
D39: G0044 | E39: FALAKNAZ GROUP | F39: 96 | H39: - | J39: - | M39: 33649745 | R39: - | T39: - | W39: - | Y39: - | AB39: - | AD39: -
D40: G0045 | E40: PROFESSIONAL MANAGEMENT | F40: 96 | H40: - | J40: - | M40: 33649746 | R40: - | T40: - | W40: - | Y40: - | AB40: - | AD40: -
B41: 7 | C41: STYLE IN | D41: G0082 | E41: SYED SAIF UR REHMAN | F41: 96 | H41: - | J41: - | M41: 33394907 | O41: 17-04-26 | R41: 33649762 | T41: 22-05-26
B43: TOTAL | H43: 0 | M43: 0 | R43: 0 | W43: =SUM(W5:W42) -> 571791391
B47: RENT MONTH OF JAN-2026
B48: S.NOS. | C48: BRAND NAME | D48: SHOP NOS. | E48: ALLOTEE NAME | F48: SQ.FT. | G48: AMOUNT | H48: CHQ NO. | I48: PAID | J48: DATE | K48: IN HAND
B49: 1 | C49: HRY JEWELLERS | D49: G0059 | E49: RASHID HUSSAIN KHAN | F49: 96 | G49: 14400 | H49: 33394909 | K49: =G49-I49 -> 14400
D50: G0060 | E50: ABDUL WALI | F50: 96 | G50: 14400 | H50: 33394911 | K50: =G50-I50 -> 14400
B51: 2 | C51: ELENOR | D51: G0081 | E51: ALIYA BEGUM | F51: 96 | G51: 0 | H51: - | J51: - | K51: =G51-I51 -> 0
B52: 3 | C52: SALMAN SAIF | D52: G0050 | E52: TALAT ASHFAQ QURESHI | F52: 96 | G52: 0 | H52: - | J52: - | K52: =G52-I52 -> 0
D53: G0051 | E53: PROFESSIONAL MANAGEMENT | F53: 98 | G53: 0 | H53: - | J53: - | K53: =G53-I53 -> 0
D54: G0052 | E54: PROFESSIONAL MANAGEMENT | F54: 99 | G54: 0 | H54: - | J54: - | K54: =G54-I54 -> 0
D55: G0054 | E55: PROFESSIONAL MANAGEMENT | F55: 147 | G55: 0 | H55: - | J55: - | K55: =G55-I55 -> 0
D56: G0072 | E56: PROFESSIONAL MANAGEMENT | F56: 147 | G56: 0 | H56: - | J56: - | K56: =G56-I56 -> 0
D57: G0073 | E57: FALAKNAZ GROUP | F57: 99 | G57: 0 | H57: - | J57: - | K57: =G57-I57 -> 0
D58: G0074 | E58: PROFESSIONAL MANAGEMENT | F58: 192 | G58: 0 | H58: - | J58: - | K58: =G58-I58 -> 0
B59: 4 | C59: DOLLAR WORLD | D59: G0026 | E59: FALAKNAZ GROUP | F59: 144 | G59: 14400 | H59: 33649732 | K59: =G59-I59 -> 14400
D60: G0027 | E60: MUHAMMAD IMRAN | F60: 96 | G60: 9600 | H60: 33394914 | K60: =G60-I60 -> 9600
D61: G0028 | E61: HAMID ALI | F61: 96 | G61: 9600 | H61: 33394916 | K61: =G61-I61 -> 9600
D62: G0030 | E62: ASIM QURESHI | SAQIB QURESHI | F62: 96 | G62: 9600 | H62: 33394926 | K62: =G62-I62 -> 9600
D63: G0031 | E63: ASHFAQ AHMED SIDDIQUI | F63: 118 | G63: 11800 | H63: 33394918 | K63: =G63-I63 -> 11800
D64: G0032 | E64: ASHFAQ AHMED SIDDIQUI | F64: 118 | G64: 11800 | H64: 33394920 | K64: =G64-I64 -> 11800
D65: G0034 | E65: DANISH AHMED SIDDIQUI | F65: 96 | G65: 9600 | H65: 33394923 | I65: =G65 -> 9600 | J65: 22-04-26 | K65: =G65-I65 -> 0
D66: G0036 | E66: KAY KAY GROUP | F66: 96 | G66: 9600 | H66: 33649734 | K66: =G66-I66 -> 9600
D67: G0037 | E67: AZHAR ALI | F67: 96 | G67: 9600 | H67: 33394924 | K67: =G67-I67 -> 9600
D68: G0038 | E68: FALAKNAZ GROUP | F68: 144 | G68: 14400 | H68: 33649736 | K68: =G68-I68 -> 14400
B69: 5 | C69: BEMBENINE | D69: G0067 | E69: SOHAIL INTIZAR | F69: 96 | G69: 28800 | H69: 33394928 | K69: =G69-I69 -> 28800
D70: G0068 | E70: MUHAMMAD RAFIQUE BURIRO | F70: 96 | G70: 28800 | H70: 33394930 | K70: =G70-I70 -> 28800
D71: G0069 | E71: KAY KAY GROUP | F71: 99 | G71: 29700 | H71: 33649738 | K71: =G71-I71 -> 29700
D72: G0071 | E72: KAY KAY GROUP | F72: 147 | G72: 44100 | H72: 33649740 | K72: =G72-I72 -> 44100
B73: 6 | C73: NENDOS EXTENTION | D73: G0018 | E73: PROFESSIONAL MANAGEMENT | F73: 144 | G73: 0 | H73: - | J73: - | K73: =G73-I73 -> 0
D74: G0019 | E74: SYED RIZWAN HUSSAIN | F74: 98 | G74: 0 | H74: - | J74: - | K74: =G74-I74 -> 0
D75: G0020 | E75: SYED ASIF ALI | F75: 98 | G75: 0 | H75: - | J75: - | K75: =G75-I75 -> 0
D76: G0021 | E76: NIAZ AHMED | F76: 99 | G76: 0 | H76: - | J76: - | K76: =G76-I76 -> 0
D77: G0022 | E77: ISRAR AHMED | F77: 96 | G77: 0 | H77: - | J77: - | K77: =G77-I77 -> 0
D78: G0023 | E78: MUHAMMAD LAEEQ | F78: 96 | G78: 0 | H78: - | J78: - | K78: =G78-I78 -> 0
D79: G0025 | E79: SYED SAMMER ABBAS ZAIDI | F79: 147 | G79: 0 | H79: - | J79: - | K79: =G79-I79 -> 0
D80: G0040 | E80: PROFESSIONAL MANAGEMENT | F80: 147 | G80: 0 | H80: - | J80: - | K80: =G80-I80 -> 0
D81: G0041 | E81: MUHAMMAD ABID SALEEM UDDIN | F81: 99 | G81: 0 | H81: - | J81: - | K81: =G81-I81 -> 0
D82: G0043 | E82: PROFESSIONAL MANAGEMENT | F82: 192 | G82: 0 | H82: - | J82: - | K82: =G82-I82 -> 0
D83: G0044 | E83: FALAKNAZ GROUP | F83: 96 | G83: 0 | H83: - | J83: - | K83: =G83-I83 -> 0
D84: G0045 | E84: PROFESSIONAL MANAGEMENT | F84: 96 | G84: 0 | H84: - | J84: - | K84: =G84-I84 -> 0
B85: 7 | C85: STYLE IN | D85: G0082 | E85: SYED SAIF UR REHMAN | F85: 96 | G85: 0 | H85: - | J85: - | K85: =G85-I85 -> 0
B87: TOTAL | G87: =SUM(G49:G85) -> 270200 | I87: =SUM(I49:I85) -> 9600 | K87: =SUM(K49:K85) -> 260600
B90: RENT MONTH OF FEB-2026
B91: S.NOS. | C91: BRAND NAME | D91: SHOP NOS. | E91: ALLOTEE NAME | F91: SQ.FT. | G91: AMOUNT | H91: CHQ NO. | I91: PAID | J91: DATE | K91: IN HAND
B92: 1 | C92: HRY JEWELLERS | D92: G0059 | E92: RASHID HUSSAIN KHAN | F92: 96 | G92: 14400 | H92: 33394910 | K92: =G92-I92 -> 14400
D93: G0060 | E93: ABDUL WALI | F93: 96 | G93: 14400 | H93: 33394912 | K93: =G93-I93 -> 14400 | M93: =37-7 -> 30 | N93: 15 | O93: 45
B94: 2 | C94: ELENOR | D94: G0081 | E94: ALIYA BEGUM | F94: 96 | G94: 14400 | H94: 33394908 | I94: =G94 -> 14400 | J94: 46208 | K94: =G94-I94 -> 0 | O94: 24
B95: 3 | C95: SALMAN SAIF | D95: G0050 | E95: TALAT ASHFAQ QURESHI | F95: 96 | G95: 17280 | H95: 33394913 | I95: =G95 -> 17280 | J95: 22-04-26 | K95: =G95-I95 -> 0 | O95: =O93-O94 -> 21
D96: G0051 | E96: PROFESSIONAL MANAGEMENT | F96: 98 | G96: 17640 | H96: 33649726 | I96: 0 | K96: =G96-I96 -> 17640
D97: G0052 | E97: PROFESSIONAL MANAGEMENT | F97: 99 | G97: 17820 | H97: 33649727 | K97: =G97-I97 -> 17820
D98: G0054 | E98: PROFESSIONAL MANAGEMENT | F98: 147 | G98: 26460 | H98: 33649728 | K98: =G98-I98 -> 26460
D99: G0072 | E99: PROFESSIONAL MANAGEMENT | F99: 147 | G99: 26460 | H99: 33649729 | K99: =G99-I99 -> 26460
D100: G0073 | E100: FALAKNAZ GROUP | F100: 99 | G100: 17820 | H100: 33649730 | K100: =G100-I100 -> 17820
D101: G0074 | E101: PROFESSIONAL MANAGEMENT | F101: 192 | G101: 34560 | H101: 33649731 | K101: =G101-I101 -> 34560
B102: 4 | C102: DOLLAR WORLD | D102: G0026 | E102: FALAKNAZ GROUP | F102: 144 | G102: 14400 | H102: 33649733 | K102: =G102-I102 -> 14400
D103: G0027 | E103: MUHAMMAD IMRAN | F103: 96 | G103: 9600 | H103: 33394915 | K103: =G103-I103 -> 9600
D104: G0028 | E104: HAMID ALI | F104: 96 | G104: 9600 | H104: 33394917 | K104: =G104-I104 -> 9600
D105: G0030 | E105: ASIM QURESHI | SAQIB QURESHI | F105: 96 | G105: 9600 | H105: 33394927 | K105: =G105-I105 -> 9600
D106: G0031 | E106: ASHFAQ AHMED SIDDIQUI | F106: 118 | G106: 11800 | H106: 33394919 | K106: =G106-I106 -> 11800
D107: G0032 | E107: ASHFAQ AHMED SIDDIQUI | F107: 118 | G107: 11800 | H107: 33394921 | K107: =G107-I107 -> 11800
D108: G0034 | E108: DANISH AHMED SIDDIQUI | F108: 96 | G108: 9600 | I108: =G108 -> 9600 | J108: 22-04-26 | K108: =G108-I108 -> 0
D109: G0036 | E109: KAY KAY GROUP | F109: 96 | G109: 9600 | H109: 33649735 | K109: =G109-I109 -> 9600
...

Sheet Sheet5
B4: ALLOTTEES RENT SUMMARY
B5: MONTHS | C5: RENT AMOUNT | D5: RENT PAID | E5: BALANCE
B6: JAN | C6: =Sheet4!G87 -> 270200 | D6: =Sheet4!I87 -> 9600 | E6: =C6-D6 -> 260600
B7: FEB | C7: =Sheet4!G130 -> 753040 | D7: =Sheet4!I130 -> 128280 | E7: =C7-D7 -> 624760
B8: MARCH | C8: =Sheet4!G175 -> 318400 | D8: =Sheet4!I175 -> 110400 | E8: =C8-D8 -> 208000
B9: APRIL | C9: =Sheet4!G219 -> 318400 | D9: =Sheet4!I219 -> 130000 | E9: =C9-D9 -> 188400
B10: MAY | C10: =Sheet4!G264 -> 318400 | D10: =Sheet4!I264 -> 130000 | E10: =C10-D10 -> 188400
B11: TOTAL | C11: =SUM(C6:C10) -> 1978440 | D11: =SUM(D6:D10) -> 508280 | E11: =SUM(E6:E10) -> 1470160

Sheet ISSUES CHQS
B5: S.NOS. | C5: BRAND NAME | D5: SHOP NOS. | E5: ALLOTEE NAME | F5: SQ.FT. | G5: RENT MONTH OF Jan-2026 | I5: RENT MONTH OF Feb-2026 | K5: RENT MONTH OF MARCH-2026 | M5: RENT MONTH OF APRIL-2026 | O5: RENT MONTH OF MAY-2026
G6: CHQ NO. | H6: DATE | I6: CHQ NO. | J6: DATE | K6: CHQ NO. | L6: DATE | M6: CHQ NO. | N6: DATE | O6: CHQ NO. | P6: DATE | U6: ALLOTEE RENT PAYABLE | V6: FOR THE MONTH OF JAN-26 TO FEB-26 | W6: REMARKS
B7: 1 | C7: HRY JEWELLERS | D7: G0059 | E7: RASHID HUSSAIN KHAN | F7: 96 | G7: 33394909 | I7: 33394910 | K7: - | L7: - | M7: - | N7: - | O7: - | P7: - | V7: JAN-26 TO FEB-26 | W7: ADVANCE RENT ADJUSTED JAN TO FEB
D8: G0060 | E8: ABDUL WALI | F8: 96 | G8: 33394911 | I8: 33394912 | K8: - | L8: - | M8: - | N8: - | O8: - | P8: - | V8: JAN-26 TO FEB-26 | W8: ADVANCE RENT ADJUSTED JAN TO FEB
B9: 2 | C9: ELENOR | D9: G0081 | E9: ALIYA BEGUM | F9: 96 | G9: - | H9: - | I9: 33394908 | J9: 46208 | K9: 33649747 | L9: 18-06-2026 | M9: 33394946 | N9: 27-06-2026 | O9: 33394947 | P9: 27-06-2026 | V9: FEB-26
B10: 3 | C10: SALMAN SAIF | D10: G0050 | E10: TALAT ASHFAQ QURESHI | F10: 96 | G10: - | H10: - | I10: 33394913 | J10: 22-04-26 | K10: - | L10: - | M10: - | N10: - | O10: - | P10: - | V10: FEB-26
D11: G0051 | E11: PROFESSIONAL MANAGEMENT | F11: 98 | G11: - | H11: - | I11: 33649726 | K11: - | L11: - | M11: - | N11: - | O11: - | P11: - | V11: FEB-26
D12: G0052 | E12: PROFESSIONAL MANAGEMENT | F12: 99 | G12: - | H12: - | I12: 33649727 | K12: - | L12: - | M12: - | N12: - | O12: - | P12: - | V12: FEB-26
D13: G0054 | E13: PROFESSIONAL MANAGEMENT | F13: 147 | G13: - | H13: - | I13: 33649728 | K13: - | L13: - | M13: - | N13: - | O13: - | P13: - | V13: FEB-26
D14: G0072 | E14: PROFESSIONAL MANAGEMENT | F14: 147 | G14: - | H14: - | I14: 33649729 | K14: - | L14: - | M14: - | N14: - | O14: - | P14: - | V14: FEB-26
D15: G0073 | E15: FALAKNAZ GROUP | F15: 99 | G15: - | H15: - | I15: 33649730 | K15: - | L15: - | M15: - | N15: - | O15: - | P15: - | V15: FEB-26
D16: G0074 | E16: PROFESSIONAL MANAGEMENT | F16: 192 | G16: - | H16: - | I16: 33649731 | K16: - | L16: - | M16: - | N16: - | O16: - | P16: - | V16: FEB-26
B17: 4 | C17: DOLLAR WORLD | D17: G0026 | E17: FALAKNAZ GROUP | F17: 144 | G17: 33649732 | I17: 33649733 | K17: - | L17: - | M17: - | N17: - | O17: - | P17: - | V17: JAN-26 TO FEB-26
D18: G0027 | E18: MUHAMMAD IMRAN | F18: 96 | G18: 33394914 | I18: 33394915 | K18: 33649748 | M18: 33649770 | O18: 33649785 | V18: JAN-26 TO FEB-26
D19: G0028 | E19: HAMID ALI | F19: 96 | G19: 33394916 | I19: 33394917 | K19: 33649749 | M19: 33649769 | O19: 33649786 | V19: JAN-26 TO FEB-26
D20: G0030 | E20: ASIM QURESHI | SAQIB QURESHI | F20: 96 | G20: 33394926 | I20: 33394927 | K20: 33649750 | M20: 33649771 | O20: 33649787 | V20: JAN-26 TO FEB-26
D21: G0031 | E21: ASHFAQ AHMED SIDDIQUI | F21: 118 | G21: 33394918 | I21: 33394919 | K21: 33649751 | M21: 33649772 | O21: 33649788 | V21: JAN-26 TO FEB-26
D22: G0032 | E22: ASHFAQ AHMED SIDDIQUI | F22: 118 | G22: 33394920 | I22: 33394921 | K22: 33649752 | M22: 33649773 | O22: 33649789 | V22: JAN-26 TO FEB-26
D23: G0034 | E23: DANISH AHMED SIDDIQUI | F23: 96 | G23: 33394923 | H23: 22-04-26 | J23: 22-04-26 | K23: 33649753 | L23: 25-05-26 | M23: 33649774 | N23: 27-07-2026 | O23: 33649790 | P23: 27-07-2026 | V23: JAN-26 TO FEB-26
D24: G0036 | E24: KAY KAY GROUP | F24: 96 | G24: 33649734 | I24: 33649735 | K24: - | L24: - | M24: - | N24: - | O24: - | P24: - | V24: JAN-26 TO FEB-26
D25: G0037 | E25: AZHAR ALI | F25: 96 | G25: 33394924 | I25: 33394925 | K25: 33649754 | M25: 33649775 | O25: 33649791 | V25: JAN-26 TO FEB-26
D26: G0038 | E26: FALAKNAZ GROUP | F26: 144 | G26: 33649736 | I26: 33649737 | K26: - | L26: - | M26: - | N26: - | O26: - | P26: - | V26: JAN-26 TO FEB-26
B27: 5 | C27: BEMBENINE | D27: G0067 | E27: SOHAIL INTIZAR | F27: 96 | G27: 33394928 | I27: 33394929 | K27: 33649763 | M27: 33649783 | O27: 33649798 | V27: JAN-26 TO FEB-26 ,MARCH-26
D28: G0068 | E28: MUHAMMAD RAFIQUE BURIRO | F28: 96 | G28: 33394930 | I28: 33394931 | K28: 33649764 | M28: 33649784 | O28: 33649799 | V28: JAN-26 TO FEB-26 ,MARCH-26
D29: G0069 | E29: KAY KAY GROUP | F29: 99 | G29: 33649738 | I29: 33649739 | K29: - | L29: - | M29: - | N29: - | O29: - | P29: - | V29: JAN-26 TO FEB-26 ,MARCH-26
D30: G0071 | E30: KAY KAY GROUP | F30: 147 | G30: 33649740 | I30: 33649741 | K30: - | L30: - | M30: - | N30: - | O30: - | P30: - | V30: JAN-26 TO FEB-26 ,MARCH-26
B31: 6 | C31: NENDOS EXTENTION | D31: G0018 | E31: PROFESSIONAL MANAGEMENT | F31: 144 | G31: - | H31: - | I31: 33649742 | K31: - | L31: - | M31: - | N31: - | O31: - | P31: - | V31: FEB-26 ,MARCH-26,APRIL-26
D32: G0019 | E32: SYED RIZWAN HUSSAIN | F32: 98 | G32: - | H32: - | I32: 33394932 | J32: HOLD | K32: 33649755 | L32: HOLD | M32: 33649776 | O32: 33649792 | V32: FEB-26 | X32: 3002386547
D33: G0020 | E33: SYED ASIF ALI | F33: 98 | G33: - | H33: - | I33: 33394933 | K33: 33649756 | M33: 33649777 | O33: 33649793 | V33: FEB-26
D34: G0021 | E34: NIAZ AHMED | F34: 99 | G34: - | H34: - | I34: 33394934 | J34: 21-05-26 | K34: 33649757 | L34: 46271 | M34: 33649778 | N34: 46088 | O34: 33649794 | P34: 46088 | V34: FEB-26
D35: G0022 | E35: ISRAR AHMED | F35: 96 | G35: - | H35: - | I35: 33649765 | J35: 46271 | K35: 33649758 | L35: 46271 | M35: 33649800 | N35: 46088 | O35: 33649801 | P35: 46088 | V35: FEB-26
D36: G0023 | E36: MUHAMMAD LAEEQ | F36: 96 | G36: - | H36: - | I36: 33394936 | J36: 20-04-26 | K36: 33649759 | L36: 21-05-26 | M36: 33649780 | N36: 46060 | O36: 33649795 | P36: 46060 | V36: FEB-26
D37: G0025 | E37: SYED SAMMER ABBAS ZAIDI | F37: 147 | G37: - | H37: - | I37: 33394937 | K37: 33649760 | M37: 33649781 | O37: 33649796 | V37: FEB-26
D38: G0040 | E38: PROFESSIONAL MANAGEMENT | F38: 147 | G38: - | H38: - | I38: 33649743 | K38: - | L38: - | M38: - | N38: - | O38: - | P38: - | V38: FEB-26
D39: G0041 | E39: MUHAMMAD ABID SALEEM UDDIN | F39: 99 | G39: - | H39: - | I39: 33394938 | K39: 33649761 | M39: 33649782 | O39: 33649797 | V39: FEB-26
D40: G0043 | E40: PROFESSIONAL MANAGEMENT | F40: 192 | G40: - | H40: - | I40: 33649744 | K40: - | L40: - | M40: - | N40: - | O40: - | P40: - | V40: FEB-26
D41: G0044 | E41: FALAKNAZ GROUP | F41: 96 | G41: - | H41: - | I41: 33649745 | K41: - | L41: - | M41: - | N41: - | O41: - | P41: - | V41: FEB-26
D42: G0045 | E42: PROFESSIONAL MANAGEMENT | F42: 96 | G42: - | H42: - | I42: 33649746 | K42: - | L42: - | M42: - | N42: - | O42: - | P42: - | V42: FEB-26
B43: 7 | C43: STYLE IN | D43: G0082 | E43: SYED SAIF UR REHMAN | F43: 96 | G43: - | H43: - | I43: 33394907 | J43: 17-04-26 | K43: 33649762 | L43: 22-05-26 | V43: FEB-26
B45: TOTAL | G45: 0 | I45: 0 | K45: 0 | M45: =SUM(M7:M44) -> 571791391 | U45: =SUM(U7:U44) -> 0
J51: 424200
B58: S.NOS. | C58: BRAND NAME | D58: SHOP NOS. | E58: ALLOTEE NAME | F58: SQ.FT. | G58: RENT MONTH OF Jan-2026 | I58: RENT MONTH OF Feb-2026 | K58: RENT MONTH OF MARCH-2026 | M58: RENT MONTH OF APRIL-2026 | O58: RENT MONTH OF MAY-2026
G59: CHQ NO. | H59: DATE | I59: CHQ NO. | J59: DATE | K59: CHQ NO. | L59: DATE | M59: CHQ NO. | N59: DATE | O59: CHQ NO. | P59: DATE
C60: SALMAN SAIF | D60: G0073 | E60: FALAKNAZ GROUP | F60: 99 | G60: - | H60: - | I60: 33649730 | K60: - | L60: - | M60: - | N60: - | O60: - | P60: -
C61: DOLLAR WORLD | D61: G0026 | E61: FALAKNAZ GROUP | F61: 144 | G61: 33649732 | I61: 33649733 | K61: - | L61: - | M61: - | N61: - | O61: - | P61: -
C62: DOLLAR WORLD | D62: G0038 | E62: FALAKNAZ GROUP | F62: 144 | G62: 33649736 | I62: 33649737 | K62: - | L62: - | M62: - | N62: - | O62: - | P62: -
C63: NENDO EXTENTION | D63: G0044 | E63: FALAKNAZ GROUP | F63: 96 | G63: - | H63: - | I63: 33649745 | K63: - | L63: - | M63: - | N63: - | O63: - | P63: -
C66: DOLLAR WORLD | D66: G0036 | E66: KAY KAY GROUP | F66: 96 | G66: 33649734 | I66: 33649735 | K66: - | L66: - | M66: - | N66: - | O66: - | P66: -
C67: BEMBENINE | D67: G0069 | E67: KAY KAY GROUP | F67: 99 | G67: 33649738 | I67: 33649739 | K67: - | L67: - | M67: - | N67: - | O67: - | P67: -
C68: BEMBENINE | D68: G0071 | E68: KAY KAY GROUP | F68: 147 | G68: 33649740 | I68: 33649741 | K68: - | L68: - | M68: - | N68: - | O68: - | P68: -
C73: BRAND NAME | D73: SHOP NOS. | E73: ALLOTEE NAME | F73: SQ.FT. | G73: JAN | H73: FEB | I73: MARCH | J73: APR | K73: MAY | L73: JUNE | M73: TOTAL
C75: SALMAN SAIF | D75: G0072 | E75: FALAKNAZ GROUP | F75: 147 | G75: 0 | H75: 26460 | M75: =G75+H75+I75+J75+K75+L75 -> 26460
C76: SALMAN SAIF | D76: G0073 | E76: FALAKNAZ GROUP | F76: 99 | G76: 0 | H76: 17820 | M76: =G76+H76+I76+J76+K76+L76 -> 17820
C77: DOLLAR WORLD | D77: G0026 | E77: FALAKNAZ GROUP | F77: 144 | G77: 14400 | H77: 14400 | I77: 14400 | J77: 14400 | K77: 14400 | L77: 14400 | M77: =G77+H77+I77+J77+K77+L77 -> 86400
C78: DOLLAR WORLD | D78: G0038 | E78: FALAKNAZ GROUP | F78: 144 | G78: 14400 | H78: 14400 | I78: 14400 | J78: 14400 | K78: 14400 | L78: 14400 | M78: =G78+H78+I78+J78+K78+L78 -> 86400
C79: NENDO EXTENTION | D79: G0044 | E79: FALAKNAZ GROUP | F79: 96 | G79: 0 | H79: 19200 | I79: 19200 | J79: 19200 | K79: 19200 | L79: 19200 | M79: =G79+H79+I79+J79+K79+L79 -> 96000
C80: ZUMS | D80: UG203 | E80: FALAKNAZ GROUP | F80: 119 | G80: 0 | H80: 0
C81: TOTAL AMOUNT | G81: =SUM(G76:G79) -> 28800 | H81: =SUM(H75:H80) -> 92280 | I81: =SUM(I76:I79) -> 48000 | J81: =SUM(J76:J79) -> 48000 | K81: =SUM(K76:K79) -> 48000 | L81: =SUM(L76:L79) -> 48000
C82: GRAND TOTAL AMOUNT | L82: =SUM(M75:M81) -> 313080
C86: BRAND NAME | D86: SHOP NOS. | E86: ALLOTEE NAME | F86: SQ.FT. | G86: JAN | H86: FEB | I86: MARCH | J86: APR | K86: MAY | L86: JUNE | M86: TOTAL
C88: DOLLAR WORLD | D88: G0036 | E88: KAY KAY GROUP | F88: 96 | G88: 0 | H88: 9600 | I88: 9600 | J88: 9600 | K88: 9600 | L88: 9600 | M88: =G88+H88+I88+J88+K88+L88 -> 48000
C89: BEMBENINE | D89: G0069 | E89: KAY KAY GROUP | F89: 99 | G89: 29700 | H89: 29700 | I89: 29700 | J89: 29700 | K89: 29700 | M89: =G89+H89+I89+J89+K89+L89 -> 148500
C90: BEMBENINE | D90: G0071 | E90: KAY KAY GROUP | F90: 147 | G90: 44100 | H90: 44100 | I90: 44100 | J90: 44100 | K90: 44100 | M90: =G90+H90+I90+J90+K90+L90 -> 220500
C91: CUTE KIDS | D91: G0089 | E91: KAY KAY GROUP | F91: 291 | G91: 0 | H91: 0 | I91: 0 | J91: 0 | K91: 65610 | L91: 65610 | M91: =G91+H91+I91+J91+K91+L91 -> 131220
C92: ZEHRA SHOP | D92: G006 | E92: KAY KAY GROUP | F92: 171.5 | G92: 34400 | H92: 34400 | I92: 34400 | J92: 34400 | K92: 34400 | L92: 34400 | M92: =G92+H92+I92+J92+K92+L92 -> 206400
C94: TOTAL AMOUNT | G94: =SUM(G89:G92) -> 108200 | H94: =SUM(H88:H93) -> 117800 | I94: =SUM(I89:I92) -> 108200 | J94: =SUM(J89:J92) -> 108200 | K94: =SUM(K89:K92) -> 173810 | L94: =SUM(L89:L92) -> 100010
C95: GRAND TOTAL AMOUNT | L95: =SUM(M88:M94) -> 754620

Sheet APR-MAY
B4: LIST OF ALLOTTEES RENT CHEQUE APPROVAL SHEET | J4: LIST OF ALLOTTEES RENT CHEQUE APPROVAL SHEET
B5: S.NO | C5: DESCRCIPTION | D5: CHEQUE NO | E5: CHEQUE DATE | F5: BANK NAME | G5: AMOUNT | J5: S.NO | K5: DESCRCIPTION | L5: CHEQUE NO | M5: CHEQUE DATE | N5: BANK NAME | O5: AMOUNT
B6: 1 | C6: CHEQUE PAID TO ALLOTEE (ALIYA BEGUM ) AGAINST SHOP RENT FOR THE MONTH OF APRIL-2026 (SHOP #G-81) | D6: 33394946 | F6: DUBAI ISLAMIC BANK | G6: 14400 | J6: 1 | K6: CHEQUE PAID TO ALLOTEE (ALIYA BEGUM ) AGAINST SHOP RENT FOR THE MONTH OF MAY-2026 (SHOP #G-81) | L6: 33394947 | N6: DUBAI ISLAMIC BANK | O6: 14400
B7: 2 | C7: CHEQUE PAID TO ALLOTEE (MUHAMMAD IMRAN ) AGAINST SHOP RENT FOR THE MONTH OF APRIL-2026 (SHOP #G-27) | D7: 33649770 | F7: DUBAI ISLAMIC BANK | G7: 9600 | J7: 2 | K7: CHEQUE PAID TO ALLOTEE (MUHAMMAD IMRAN ) AGAINST SHOP RENT FOR THE MONTH OF MAY-2026 (SHOP #G-27) | L7: 33649785 | N7: DUBAI ISLAMIC BANK | O7: 9600
B8: 3 | C8: CHEQUE PAID TO ALLOTEE (HAMID ALI ) AGAINST SHOP RENT FOR THE MONTH OF APRIL-2026 (SHOP #G-28) | D8: 33649769 | F8: DUBAI ISLAMIC BANK | G8: 9600 | J8: 3 | K8: CHEQUE PAID TO ALLOTEE (HAMID ALI ) AGAINST SHOP RENT FOR THE MONTH OF MAY-2026 (SHOP #G-28) | L8: 33649786 | N8: DUBAI ISLAMIC BANK | O8: 9600
B9: 4 | C9: CHEQUE PAID TO ALLOTEE (ASIM QURESHI /SAQIB QURESHI) AGAINST SHOP RENT FOR THE MONTH OF APRIL-2026 (SHOP #G-30) | D9: 33649771 | F9: DUBAI ISLAMIC BANK | G9: 9600 | J9: 4 | K9: CHEQUE PAID TO ALLOTEE (ASIM QURESHI /SAQIB QURESHI) AGAINST SHOP RENT FOR THE MONTH OF MAY-2026 (SHOP #G-30) | L9: 33649787 | N9: DUBAI ISLAMIC BANK | O9: 9600
B10: 5 | C10: CHEQUE PAID TO ALLOTEE (ASHFAQ AHMED SIDDIQUI ) AGAINST SHOP RENT FOR THE MONTH OF APRIL-2026 (SHOP #G-31) | D10: 33649772 | F10: DUBAI ISLAMIC BANK | G10: 11800 | J10: 5 | K10: CHEQUE PAID TO ALLOTEE (ASHFAQ AHMED SIDDIQUI ) AGAINST SHOP RENT FOR THE MONTH OF MAY-2026 (SHOP #G-31) | L10: 33649788 | N10: DUBAI ISLAMIC BANK | O10: 11800
B11: 6 | C11: CHEQUE PAID TO ALLOTEE (ASHFAQ AHMED SIDDIQUE ) AGAINST SHOP RENT FOR THE MONTH OF APRIL-2026 (SHOP #G-32) | D11: 33649773 | F11: DUBAI ISLAMIC BANK | G11: 11800 | J11: 6 | K11: CHEQUE PAID TO ALLOTEE (ASHFAQ AHMED SIDDIQUE ) AGAINST SHOP RENT FOR THE MONTH OF MAY-2026 (SHOP #G-32) | L11: 33649789 | N11: DUBAI ISLAMIC BANK | O11: 11800
B12: 7 | C12: CHEQUE PAID TO ALLOTEE (DANISH AHMED SIDDIQUE) AGAINST SHOP RENT FOR THE MONTH OF APRIL-2026 (SHOP #G-34) | D12: 33649774 | F12: DUBAI ISLAMIC BANK | G12: 9600 | J12: 7 | K12: CHEQUE PAID TO ALLOTEE (DANISH AHMED SIDDIQUE) AGAINST SHOP RENT FOR THE MONTH OF MAY-2026 (SHOP #G-34) | L12: 33649790 | N12: DUBAI ISLAMIC BANK | O12: 9600
B13: 8 | C13: CHEQUE PAID TO ALLOTEE (AZHAR ALI ) AGAINST SHOP RENT FOR THE MONTH OF APRIL-2026 (SHOP #G-37) | D13: 33649775 | F13: DUBAI ISLAMIC BANK | G13: 9600 | J13: 8 | K13: CHEQUE PAID TO ALLOTEE (AZHAR ALI ) AGAINST SHOP RENT FOR THE MONTH OF MAY-2026 (SHOP #G-37) | L13: 33649791 | N13: DUBAI ISLAMIC BANK | O13: 9600
B14: 9 | C14: CHEQUE PAID TO ALLOTEE (SYED RIZWAN HUSSAIN) AGAINST SHOP RENT FOR THE MONTH OF APRIL-2026 (SHOP #G-19) | D14: 33649776 | F14: DUBAI ISLAMIC BANK | G14: 19600 | J14: 9 | K14: CHEQUE PAID TO ALLOTEE (SYED RIZWAN HUSSAIN) AGAINST SHOP RENT FOR THE MONTH OF MAY-2026 (SHOP #G-19) | L14: 33649792 | N14: DUBAI ISLAMIC BANK | O14: 19600
B16: TOTAL AMOUNT | G16: =SUM(G6:G14) -> 105600 | J16: TOTAL AMOUNT | O16: =SUM(O6:O14) -> 105600
C25: PREPAID BY | E25: CHECKED BY | K25: PREPAID BY | M25: CHECKED BY
C33: VERIFIED BY | E33: APPROVED BY | K33: VERIFIED BY | M33: APPROVED BY
B37: LIST OF ALLOTTEES RENT CHEQUE APPROVAL SHEET | J37: LIST OF ALLOTTEES RENT CHEQUE APPROVAL SHEET
B38: S.NO | C38: DESCRCIPTION | D38: CHEQUE NO | E38: CHEQUE DATE | F38: BANK NAME | G38: AMOUNT | J38: S.NO | K38: DESCRCIPTION | L38: CHEQUE NO | M38: CHEQUE DATE | N38: BANK NAME | O38: AMOUNT
B39: 1 | C39: CHEQUE PAID TO ALLOTEE (SYED ASIF ALI) AGAINST SHOP RENT FOR THE MONTH OF APRIL-2026 (SHOP #G-20) | D39: 33649777 | F39: DUBAI ISLAMIC BANK | G39: 19600 | J39: 1 | K39: CHEQUE PAID TO ALLOTEE (SYED ASIF ALI) AGAINST SHOP RENT FOR THE MONTH OF MAY-2026 (SHOP #G-20) | L39: 33649793 | N39: DUBAI ISLAMIC BANK | O39: 19600
B40: 2 | C40: CHEQUE PAID TO ALLOTEE (NIAZ AHMED ) AGAINST SHOP RENT FOR THE MONTH OF APRIL-2026 (SHOP #G-21) | D40: 33649778 | F40: DUBAI ISLAMIC BANK | G40: 19200 | J40: 2 | K40: CHEQUE PAID TO ALLOTEE (NIAZ AHMED ) AGAINST SHOP RENT FOR THE MONTH OF MAY-2026 (SHOP #G-21) | L40: 33649794 | N40: DUBAI ISLAMIC BANK | O40: 19200
B41: 3 | C41: CHEQUE PAID TO ALLOTEE (RIAZ AHMED ) AGAINST SHOP RENT FOR THE MONTH OF APRIL-2026 (SHOP #G-22) | D41: 33649800 | F41: DUBAI ISLAMIC BANK | G41: 19200 | J41: 3 | K41: CHEQUE PAID TO ALLOTEE (RIAZ AHMED ) AGAINST SHOP RENT FOR THE MONTH OF MAY-2026 (SHOP #G-22) | L41: 33649801 | N41: DUBAI ISLAMIC BANK | O41: 19200
B42: 4 | C42: CHEQUE PAID TO ALLOTEE (MUHAMMAD LAEEQ ) AGAINST SHOP RENT FOR THE MONTH OF APRIL-2026 (SHOP #G-23) | D42: 33649780 | F42: DUBAI ISLAMIC BANK | G42: 19200 | J42: 4 | K42: CHEQUE PAID TO ALLOTEE (MUHAMMAD LAEEQ ) AGAINST SHOP RENT FOR THE MONTH OF MAY-2026 (SHOP #G-23) | L42: 33649795 | N42: DUBAI ISLAMIC BANK | O42: 19200
B43: 5 | C43: CHEQUE PAID TO ALLOTEE (SYED SAMEER ABBAS ZAIDI ) AGAINST SHOP RENT FOR THE MONTH OF APRIL-2026 (SHOP #G-25) | D43: 33649781 | F43: DUBAI ISLAMIC BANK | G43: 29400 | J43: 5 | K43: CHEQUE PAID TO ALLOTEE (SYED SAMEER ABBAS ZAIDI ) AGAINST SHOP RENT FOR THE MONTH OF MAY-2026 (SHOP #G-25) | L43: 33649796 | N43: DUBAI ISLAMIC BANK | O43: 29400
B44: 6 | C44: CHEQUE PAID TO ALLOTEE (MUHAMMAD ABID SALEEM UDDIN) AGAINST SHOP RENT FOR THE MONTH OF APRIL-2026 (SHOP #G-41) | D44: 33649782 | F44: DUBAI ISLAMIC BANK | G44: 19800 | J44: 6 | K44: CHEQUE PAID TO ALLOTEE (MUHAMMAD ABID SALEEM UDDIN) AGAINST SHOP RENT FOR THE MONTH OF MAY-2026 (SHOP #G-41) | L44: 33649797 | N44: DUBAI ISLAMIC BANK | O44: 19800
B45: 7 | C45: CHEQUE PAID TO ALLOTEE (SOHAIL INTEZAR ) AGAINST SHOP RENT FOR THE MONTH OF APRIL-2026 (SHOP #G-67) | D45: 33649783 | F45: DUBAI ISLAMIC BANK | G45: 28800 | J45: 7 | K45: CHEQUE PAID TO ALLOTEE (SOHAIL INTEZAR ) AGAINST SHOP RENT FOR THE MONTH OF MAY-2026 (SHOP #G-67) | L45: 33649798 | N45: DUBAI ISLAMIC BANK | O45: 28800
B46: 8 | C46: CHEQUE PAID TO ALLOTEE (MUHAMMAD RAFIQUE BURIRO ) AGAINST SHOP RENT FOR THE MONTH OF APRIL-2026 (SHOP #G-68) | D46: 33649784 | F46: DUBAI ISLAMIC BANK | G46: 28800 | J46: 8 | K46: CHEQUE PAID TO ALLOTEE (MUHAMMAD RAFIQUE BURIRO ) AGAINST SHOP RENT FOR THE MONTH OF MAY-2026 (SHOP #G-68) | L46: 33649799 | N46: DUBAI ISLAMIC BANK | O46: 28800
B48: TOTAL AMOUNT | G48: =SUM(G39:G46) -> 184000 | J48: TOTAL AMOUNT | O48: =SUM(O39:O46) -> 184000
K58: PREPAID BY | M58: CHECKED BY
C59: PREPAID BY | E59: CHECKED BY
K66: VERIFIED BY | M66: APPROVED BY
C67: VERIFIED BY | E67: APPROVED BY
B73: LIST OF ALLOTTEES RENT CHEQUE APPROVAL SHEET
B74: S.NO | C74: DESCRCIPTION | D74: CHEQUE NO | E74: CHEQUE DATE | F74: BANK NAME | G74: AMOUNT
B75: 1 | C75: CHEQUE PAID TO ALLOTEE (SYED SAIF UR REHMAN) AGAINST SHOP RENT FOR THE MONTH OF APRIL-2026 (SHOP #G-82) | F75: DUBAI ISLAMIC BANK | G75: 19600
B76: 2 | C76: CHEQUE PAID TO ALLOTEE (SYED SAIF UR REHMAN) AGAINST SHOP RENT FOR THE MONTH OF MAY-2026 (SHOP #G-82) | F76: DUBAI ISLAMIC BANK | G76: 19200
B86: PREPAID BY | D86: CHECKED BY
B94: VERIFIED BY | D94: APPROVED BY

Sheet JUNE
J4: LIST OF ALLOTTEES RENT CHEQUE APPROVAL SHEET
J5: S.NO | K5: DESCRCIPTION | L5: CHEQUE NO | M5: CHEQUE DATE | N5: BANK NAME | O5: AMOUNT
J6: 1 | K6: CHEQUE PAID TO ALLOTEE (ALIYA BEGUM ) AGAINST SHOP RENT FOR THE MONTH OF JUNE-2026 (SHOP #G-81) | L6: 33649802 | N6: DUBAI ISLAMIC BANK | O6: 14400
J7: 2 | K7: CHEQUE PAID TO ALLOTEE (MUHAMMAD IMRAN ) AGAINST SHOP RENT FOR THE MONTH OF JUNE-2026 (SHOP #G-27) | L7: 33649812 | N7: DUBAI ISLAMIC BANK | O7: 9600
J8: 3 | K8: CHEQUE PAID TO ALLOTEE (HAMID ALI ) AGAINST SHOP RENT FOR THE MONTH OF JUNE-2026 (SHOP #G-28) | L8: 33649813 | N8: DUBAI ISLAMIC BANK | O8: 9600
J9: 4 | K9: CHEQUE PAID TO ALLOTEE (ASIM QURESHI /SAQIB QURESHI) AGAINST SHOP RENT FOR THE MONTH OF JUNE-2026 (SHOP #G-30) | L9: 33649814 | N9: DUBAI ISLAMIC BANK | O9: 9600
J10: 5 | K10: CHEQUE PAID TO ALLOTEE (ASHFAQ AHMED SIDDIQUI ) AGAINST SHOP RENT FOR THE MONTH OF JUNE-2026 (SHOP #G-31) | L10: 33649815 | N10: DUBAI ISLAMIC BANK | O10: 11800
J11: 6 | K11: CHEQUE PAID TO ALLOTEE (ASHFAQ AHMED SIDDIQUE ) AGAINST SHOP RENT FOR THE MONTH OF JUNE-2026 (SHOP #G-32) | L11: 33649816 | N11: DUBAI ISLAMIC BANK | O11: 11800
J12: 7 | K12: CHEQUE PAID TO ALLOTEE (DANISH AHMED SIDDIQUE) AGAINST SHOP RENT FOR THE MONTH OF JUNE-2026 (SHOP #G-34) | L12: 33649817 | N12: DUBAI ISLAMIC BANK | O12: 9600
J13: 8 | K13: CHEQUE PAID TO ALLOTEE (AZHAR ALI ) AGAINST SHOP RENT FOR THE MONTH OF JUNE-2026 (SHOP #G-37) | L13: 33649818 | N13: DUBAI ISLAMIC BANK | O13: 9600
J14: 9 | K14: CHEQUE PAID TO ALLOTEE (SYED RIZWAN HUSSAIN) AGAINST SHOP RENT FOR THE MONTH OF JUNE-2026 (SHOP #G-19) | L14: 33649804 | N14: DUBAI ISLAMIC BANK | O14: 19600
B16: TOTAL AMOUNT | G16: =SUM(G6:G102) -> 91200 | J16: TOTAL AMOUNT | O16: =SUM(O6:O14) -> 105600
C25: PREPAID BY | E25: CHECKED BY | K25: PREPAID BY | M25: CHECKED BY
C33: VERIFIED BY | E33: APPROVED BY | K33: VERIFIED BY | M33: APPROVED BY
B37: LIST OF ALLOTTEES RENT CHEQUE APPROVAL SHEET | J37: LIST OF ALLOTTEES RENT CHEQUE APPROVAL SHEET
B38: S.NO | C38: DESCRCIPTION | D38: CHEQUE NO | E38: CHEQUE DATE | F38: BANK NAME | G38: AMOUNT | J38: S.NO | K38: DESCRCIPTION | L38: CHEQUE NO | M38: CHEQUE DATE | N38: BANK NAME | O38: AMOUNT
J39: 1 | K39: CHEQUE PAID TO ALLOTEE (SYED ASIF ALI) AGAINST SHOP RENT FOR THE MONTH OF JUNE-2026 (SHOP #G-20) | L39: 33649805 | N39: DUBAI ISLAMIC BANK | O39: 19600
J40: 2 | K40: CHEQUE PAID TO ALLOTEE (NIAZ AHMED ) AGAINST SHOP RENT FOR THE MONTH OF JUNE-2026 (SHOP #G-21) | L40: 33649806 | N40: DUBAI ISLAMIC BANK | O40: 19200
J41: 3 | K41: CHEQUE PAID TO ALLOTEE (RIAZ AHMED ) AGAINST SHOP RENT FOR THE MONTH OF JUNE-2026 (SHOP #G-22) | L41: 33649807 | N41: DUBAI ISLAMIC BANK | O41: 19200
J42: 4 | K42: CHEQUE PAID TO ALLOTEE (MUHAMMAD LAEEQ ) AGAINST SHOP RENT FOR THE MONTH OF JUNE-2026 (SHOP #G-23) | L42: 33649809 | N42: DUBAI ISLAMIC BANK | O42: 19200
J43: 5 | K43: CHEQUE PAID TO ALLOTEE (SYED SAMEER ABBAS ZAIDI ) AGAINST SHOP RENT FOR THE MONTH OF JUNE-2026 (SHOP #G-25) | L43: 33649810 | N43: DUBAI ISLAMIC BANK | O43: 29400
J44: 6 | K44: CHEQUE PAID TO ALLOTEE (MUHAMMAD ABID SALEEM UDDIN) AGAINST SHOP RENT FOR THE MONTH OF JUNE-2026 (SHOP #G-41) | L44: 33649811 | N44: DUBAI ISLAMIC BANK | O44: 19800
B45: 7 | C45: CHEQUE PAID TO ALLOTEE (SOHAIL INTEZAR ) AGAINST SHOP RENT FOR THE MONTH OF JUNE-2026 (SHOP #G-67) | D45: 0 | F45: DUBAI ISLAMIC BANK | G45: 28800 | J45: 7 | K45: CHEQUE PAID TO ALLOTEE (SOHAIL INTEZAR ) AGAINST SHOP RENT FOR THE MONTH OF JUNE-2026 (SHOP #G-67) | L45: 0 | N45: DUBAI ISLAMIC BANK | O45: 28800
B46: 8 | C46: CHEQUE PAID TO ALLOTEE (MUHAMMAD RAFIQUE BURIRO ) AGAINST SHOP RENT FOR THE MONTH OF JUNE-2026 (SHOP #G-68) | D46: 0 | F46: DUBAI ISLAMIC BANK | G46: 28800 | J46: 8 | K46: CHEQUE PAID TO ALLOTEE (MUHAMMAD RAFIQUE BURIRO ) AGAINST SHOP RENT FOR THE MONTH OF JUNE-2026 (SHOP #G-68) | L46: 0 | N46: DUBAI ISLAMIC BANK | O46: 28800
B48: TOTAL AMOUNT | G48: =SUM(G39:G46) -> 57600 | J48: TOTAL AMOUNT | O48: =SUM(O39:O46) -> 184000
C59: PREPAID BY | E59: CHECKED BY | K59: PREPAID BY | M59: CHECKED BY
C67: VERIFIED BY | E67: APPROVED BY | K67: VERIFIED BY | M67: APPROVED BY
B73: LIST OF ALLOTTEES RENT CHEQUE APPROVAL SHEET
B74: ELENOR
B75: S.NO | C75: DESCRCIPTION | D75: CHEQUE NO | E75: CHEQUE DATE | F75: BANK NAME | G75: AMOUNT
B76: 1 | C76: CHEQUE PAID TO ALLOTEE (ALIYA BEGUM ) AGAINST SHOP RENT FOR THE MONTH OF JUNE-2026 (SHOP #G-81) | D76: 33649802 | F76: DUBAI ISLAMIC BANK | G76: 14400
B77: TOTAL AMOUNT | G77: =G76 -> 14400
C86: PREPAID BY | E86: CHECKED BY
C94: VERIFIED BY | E94: APPROVED BY
B99: LIST OF ALLOTTEES RENT CHEQUE APPROVAL SHEET | J99: LIST OF ALLOTTEES RENT CHEQUE APPROVAL SHEET
B100: NENDO EXTENSION | J100: NENDO EXTENSION
B101: S.NO | C101: DESCRCIPTION | D101: CHEQUE NO | E101: CHEQUE DATE | F101: BANK NAME | G101: AMOUNT | J101: S.NO | K101: DESCRCIPTION | L101: CHEQUE NO | M101: CHEQUE DATE | N101: BANK NAME | O101: AMOUNT
B102: 1 | C102: CHEQUE PAID TO ALLOTEE (SYED RIZWAN HUSSAIN) AGAINST SHOP RENT FOR THE MONTH OF JUNE-2026 (SHOP #G-19) | D102: 33649804 | F102: DUBAI ISLAMIC BANK | G102: 19600 | J102: 1 | K102: CHEQUE PAID TO ALLOTEE (SYED RIZWAN HUSSAIN) AGAINST SHOP RENT FOR THE MONTH OF JULY-2026 (SHOP #G-19) | L102: 33649822 | N102: DUBAI ISLAMIC BANK | O102: 19600
B103: 2 | C103: CHEQUE PAID TO ALLOTEE (SYED ASIF ALI) AGAINST SHOP RENT FOR THE MONTH OF JUNE-2026 (SHOP #G-20) | D103: 33649805 | F103: DUBAI ISLAMIC BANK | G103: 19600 | J103: 2 | K103: CHEQUE PAID TO ALLOTEE (SYED ASIF ALI) AGAINST SHOP RENT FOR THE MONTH OF JULY-2026 (SHOP #G-20) | L103: 33649823 | N103: DUBAI ISLAMIC BANK | O103: 19600
B104: 3 | C104: CHEQUE PAID TO ALLOTEE (NIAZ AHMED ) AGAINST SHOP RENT FOR THE MONTH OF JUNE-2026 (SHOP #G-21) | D104: 33649806 | F104: DUBAI ISLAMIC BANK | G104: 19200 | J104: 3 | K104: CHEQUE PAID TO ALLOTEE (NIAZ AHMED ) AGAINST SHOP RENT FOR THE MONTH OF JULY-2026 (SHOP #G-21) | L104: 33649824 | N104: DUBAI ISLAMIC BANK | O104: 19200
B105: 4 | C105: CHEQUE PAID TO ALLOTEE (RIAZ AHMED ) AGAINST SHOP RENT FOR THE MONTH OF JUNE -2026 (SHOP #G-22) | D105: 33649807 | F105: DUBAI ISLAMIC BANK | G105: 19200 | J105: 4 | K105: CHEQUE PAID TO ALLOTEE (RIAZ AHMED ) AGAINST SHOP RENT FOR THE MONTH OF JULY-2026 (SHOP #G-22) | L105: 33649825 | N105: DUBAI ISLAMIC BANK | O105: 19200
B106: 5 | C106: CHEQUE PAID TO ALLOTEE (MUHAMMAD LAEEQ ) AGAINST SHOP RENT FOR THE MONTH OF JUNE-2026 (SHOP #G-23) | D106: 33649809 | F106: DUBAI ISLAMIC BANK | G106: 19200 | J106: 5 | K106: CHEQUE PAID TO ALLOTEE (MUHAMMAD LAEEQ ) AGAINST SHOP RENT FOR THE MONTH OF JULY-2026 (SHOP #G-23) | L106: 33746801 | N106: DUBAI ISLAMIC BANK | O106: 19200
B107: 6 | C107: CHEQUE PAID TO ALLOTEE (SYED SAMMER ABBAS ZAIDI ) AGAINST SHOP RENT FOR THE MONTH OF JUNE-2026 (SHOP #G-25) | D107: 33649810 | F107: DUBAI ISLAMIC BANK | G107: 29400 | J107: 6 | K107: CHEQUE PAID TO ALLOTEE (SYED SAMEER ABBAS ZAIDI ) AGAINST SHOP RENT FOR THE MONTH OF JULY-2026 (SHOP #G-25) | L107: 33746802 | N107: DUBAI ISLAMIC BANK | O107: 29400
B108: 7 | C108: CHEQUE PAID TO ALLOTEE (MUHAMMAD ABID SALEEM UDDIN) AGAINST SHOP RENT FOR THE MONTH OF JUNE-2026 (SHOP #G-41) | D108: 33649811 | F108: DUBAI ISLAMIC BANK | G108: 19800 | J108: 7 | K108: CHEQUE PAID TO ALLOTEE (MUHAMMAD ABID SALEEM UDDIN) AGAINST SHOP RENT FOR THE MONTH OF JULY-2026 (SHOP #G-41) | L108: 33746803 | N108: DUBAI ISLAMIC BANK | O108: 19800
B109: TOTAL AMOUNT | G109: =SUM(G102:G108) -> 146000 | J109: TOTAL AMOUNT | O109: =SUM(O102:O108) -> 146000
C113: PREPAID BY | E113: CHECKED BY
C121: VERIFIED BY | E121: APPROVED BY
B135: LIST OF ALLOTTEES RENT CHEQUE APPROVAL SHEET
B136: DOLLAR WORLD
B137: S.NO | C137: DESCRCIPTION | D137: CHEQUE NO | E137: CHEQUE DATE | F137: BANK NAME | G137: AMOUNT
B138: 1 | C138: CHEQUE PAID TO ALLOTEE (MUHAMMAD IMRAN ) AGAINST SHOP RENT FOR THE MONTH OF JUNE-2026 (SHOP #G-27) | D138: 33649812 | F138: DUBAI ISLAMIC BANK | G138: 9600
B139: 2 | C139: CHEQUE PAID TO ALLOTEE (HAMID ALI ) AGAINST SHOP RENT FOR THE MONTH OF JUNE-2026 (SHOP #G-28) | D139: 33649813 | F139: DUBAI ISLAMIC BANK | G139: 9600
B140: 3 | C140: CHEQUE PAID TO ALLOTEE (SAQIB QURESHI) AGAINST SHOP RENT FOR THE MONTH OF JUNE-2026 (SHOP #G-30) | D140: 33649814 | F140: DUBAI ISLAMIC BANK | G140: 9600
B141: 4 | C141: CHEQUE PAID TO ALLOTEE (ASHFAQ AHMED SIDDIQUI ) AGAINST SHOP RENT FOR THE MONTH OF JUNE-2026 (SHOP #G-31) | D141: 33649815 | F141: DUBAI ISLAMIC BANK | G141: 11800
B142: 5 | C142: CHEQUE PAID TO ALLOTEE (ASHFAQ AHMED SIDDIQUE ) AGAINST SHOP RENT FOR THE MONTH OF JUNE-2026 (SHOP #G-32) | D142: 33649816 | F142: DUBAI ISLAMIC BANK | G142: 11800
B143: 6 | C143: CHEQUE PAID TO ALLOTEE (DANISH AHMED SIDDIQUE) AGAINST SHOP RENT FOR THE MONTH OF JUNE-2026 (SHOP #G-34) | D143: 33649817 | F143: DUBAI ISLAMIC BANK | G143: 9600
B144: 7 | C144: CHEQUE PAID TO ALLOTEE (AZHAR ALI ) AGAINST SHOP RENT FOR THE MONTH OF JUNE-2026 (SHOP #G-37) | D144: 33649818 | F144: DUBAI ISLAMIC BANK | G144: 9600
B145: TOTAL AMOUNT | G145: =SUM(G138:G144) -> 71600
C148: PREPAID BY | E148: CHECKED BY
C156: VERIFIED BY | E156: APPROVED BY
B169: LIST OF ALLOTTEES RENT CHEQUE APPROVAL SHEET
B170: DOLLAR WORLD
B171: S.NO | C171: DESCRCIPTION | D171: CHEQUE NO | E171: CHEQUE DATE | F171: BANK NAME | G171: AMOUNT
B172: 1 | C172: CHEQUE PAID TO ALLOTEE ( SYED SAIF UR REHMAN ) AGAINST SHOP RENT FOR THE MONTH OF JUNE-2026 (SHOP #G-82) | D172: 33649803 | F172: DUBAI ISLAMIC BANK | G172: 28800
B173: TOTAL AMOUNT | G173: =G172 -> 28800
C179: PREPAID BY | E179: CHECKED BY
C187: VERIFIED BY | E187: APPROVED BY
B205: LIST OF ALLOTTEES RENT CHEQUE APPROVAL SHEET
B206: NENDO EXTENSION
B207: S.NO | C207: DESCRCIPTION | D207: CHEQUE NO | E207: CHEQUE DATE | F207: BANK NAME | G207: AMOUNT
B208: 1 | C208: CHEQUE PAID TO ALLOTEE (SYED RIZWAN HUSSAIN) AGAINST SHOP RENT FOR THE MONTH OF JULY-2026 (SHOP #G-19) | D208: 33649822 | F208: DUBAI ISLAMIC BANK | G208: 19600
B209: 2 | C209: CHEQUE PAID TO ALLOTEE (SYED ASIF ALI) AGAINST SHOP RENT FOR THE MONTH OF JULY-2026 (SHOP #G-20) | D209: 33649823 | F209: DUBAI ISLAMIC BANK | G209: 19600
B210: 3 | C210: CHEQUE PAID TO ALLOTEE (NIAZ AHMED ) AGAINST SHOP RENT FOR THE MONTH OF JULY-2026 (SHOP #G-21) | D210: 33649824 | F210: DUBAI ISLAMIC BANK | G210: 19200
B211: 4 | C211: CHEQUE PAID TO ALLOTEE (RIAZ AHMED ) AGAINST SHOP RENT FOR THE MONTH OF JULY-2026 (SHOP #G-22) | D211: 33649825 | F211: DUBAI ISLAMIC BANK | G211: 19200
B212: 5 | C212: CHEQUE PAID TO ALLOTEE (MUHAMMAD LAEEQ ) AGAINST SHOP RENT FOR THE MONTH OF JULY-2026 (SHOP #G-23) | D212: 33746801 | F212: DUBAI ISLAMIC BANK | G212: 19200
B213: 6 | C213: CHEQUE PAID TO ALLOTEE (SYED SAMMER ABBAS ZAIDI ) AGAINST SHOP RENT FOR THE MONTH OF JULY-2026 (SHOP #G-25) | D213: 33746802 | F213: DUBAI ISLAMIC BANK | G213: 29400
B214: 7 | C214: CHEQUE PAID TO ALLOTEE (MUHAMMAD ABID SALEEM UDDIN) AGAINST SHOP RENT FOR THE MONTH OF JULY-2026 (SHOP #G-41) | D214: 33746803 | F214: DUBAI ISLAMIC BANK | G214: 19800
B215: TOTAL AMOUNT | G215: =SUM(G208:G214) -> 146000
C224: PREPAID BY | E224: CHECKED BY
C232: VERIFIED BY | E232: APPROVED BY
B241: LIST OF ALLOTTEES RENT CHEQUE APPROVAL SHEET
B242: MARFAN
B243: S.NO | C243: DESCRCIPTION | D243: CHEQUE NO | E243: CHEQUE DATE | F243: BANK NAME | G243: AMOUNT
B244: 1 | C244: CHEQUE PAID TO ALLOTEE ( HINA NAZ ) AGAINST SHOP RENT FOR THE MONTH OF JUNE-2026 (SHOP #UG-159) | F244: DUBAI ISLAMIC BANK | G244: 15600
B245: TOTAL AMOUNT | G245: =G244 -> 15600
C251: PREPAID BY | E251: CHECKED BY
C259: VERIFIED BY | E259: APPROVED BY
B264: LIST OF ALLOTTEES RENT CHEQUE APPROVAL SHEET
B265: AH STYLE
B266: S.NO | C266: DESCRCIPTION | D266: CHEQUE NO | E266: CHEQUE DATE | F266: BANK NAME | G266: AMOUNT
B267: 1 | C267: CHEQUE PAID TO ALLOTEE ( MUHAMMAD ANAS MATIN ) AGAINST SHOP RENT FOR THE MONTH OF JUNE-2026 (SHOP #UG-158) | F267: DUBAI ISLAMIC BANK | G267: 15000
B268: TOTAL AMOUNT | G268: =G267 -> 15000
C274: PREPAID BY | E274: CHECKED BY
C282: VERIFIED BY | E282: APPROVED BY

Sheet JULY
C3: LIST OF ALLOTTEES RENT CHEQUE APPROVAL SHEET
C5: RENT MONTH OF JULY-2026
C7: S.NOS. | D7: BRAND NAME | E7: SHOP NOS. | F7: ALLOTEE NAME | G7: CHEQUE NO. | H7: CHEQUE DATE | I7: BANK | J7: AMOUNT
C9: 1 | D9: HIJABEEZ | E9: G0091 | F9: SYED ZAHEER AHMED ZAIDI | I9: DIB | J9: 40000
E10: G0092 | F10: FAISAL RASHEED | G10: POSSESION NOT YET | J10: 0
C11: 2 | D11: AH STYLE | E11: UG0158 | F11: MUHAMMAD ANAS MATIN | J11: 15000
C12: 3 | D12: MARFAN | E12: UG0159 | F12: HINA NAZ | J12: 15600
C13: 4 | D13: ROSHNI ABAYA | E13: UG0030 | F13: MUZAFFAR AHMED | G13: POSSESION NOT YET | J13: 0
E14: UG0031 | F14: TARIQ AHMED | J14: 5206
E15: UG0032 | F15: RAJA WAQAS SALEH & RAJA JAWAD | G15: POSSESION NOT YET | J15: 0
E16: UG0036 | F16: IRFAN AHMED KHAN | J16: 5423
C17: 5 | D17: DOLLAR WORLD | E17: G0027 | F17: MUHAMMAD IMRAN | J17: 9600
E18: G0028 | F18: HAMID ALI | J18: 9600
E19: G0030 | F19: ASIM QURESHI | SAQIB QURESHI | J19: 9600
E20: G0031 | F20: ASHFAQ AHMED SIDDIQUI | J20: 11800
E21: G0032 | F21: ASHFAQ AHMED SIDDIQUI | J21: 11800
E22: G0034 | F22: DANISH AHMED SIDDIQUI | J22: 9600
E23: G0037 | F23: AZHAR ALI | J23: 9600
C24: 6 | D24: STYLE IN | E24: G0082 | F24: SYED SAIF UR REHMAN | J24: 28800
C25: TOTAL | J25: =SUM(J9:J24) -> 181629
C33: LIST OF ALLOTTEES RENT CHEQUE APPROVAL SHEET
C35: RENT MONTH OF AUG-2026
C37: S.NOS. | D37: BRAND NAME | E37: SHOP NOS. | F37: ALLOTEE NAME | G37: CHEQUE NO. | H37: CHEQUE DATE | I37: BANK | J37: AMOUNT
C39: 1 | D39: HIJABEEZ | E39: G0091 | F39: SYED ZAHEER AHMED ZAIDI | J39: 40000 | K39: 0
E40: G0092 | F40: FAISAL RASHEED | H40: POSSESION NOT YET | J40: 40000 | K40: 0
C41: 2 | D41: AH STYLE | E41: UG0158 | F41: MUHAMMAD ANAS MATIN | J41: 15000 | K41: 0
C42: 3 | D42: MARFAN | E42: UG0159 | F42: HINA NAZ | J42: 15600 | K42: 0
C43: 4 | D43: ROSHNI ABAYA | E43: UG0030 | F43: MUZAFFAR AHMED | H43: POSSESION NOT YET | J43: 0 | K43: 0
E44: UG0031 | F44: TARIQ AHMED | J44: 5206 | K44: 0
E45: UG0032 | F45: RAJA WAQAS SALEH & RAJA JAWAD | H45: POSSESION NOT YET | J45: 0 | K45: 0
E46: UG0036 | F46: IRFAN AHMED KHAN | J46: 5423 | K46: 0
C47: 5 | D47: DOLLAR WORLD | E47: G0027 | F47: MUHAMMAD IMRAN | H47: POSSESION NOT YET | J47: 14400 | K47: 0
E48: G0028 | F48: HAMID ALI | J48: 14400 | K48: 0
E49: G0030 | F49: ASIM QURESHI | SAQIB QURESHI | J49: 14400 | K49: 0
E50: G0031 | F50: ASHFAQ AHMED SIDDIQUI | H50: POSSESION NOT YET | J50: 17700 | K50: 0
E51: G0032 | F51: ASHFAQ AHMED SIDDIQUI | H51: POSSESION NOT YET | J51: 17700 | K51: 0
E52: G0034 | F52: DANISH AHMED SIDDIQUI | J52: 14400 | K52: 0
E53: G0037 | F53: AZHAR ALI | H53: POSSESION NOT YET | J53: 14400 | K53: 0
C54: 6 | D54: CHILL APPAREL | E54: G0067 | F54: SOHAIL INTIZAR | J54: 31200 | K54: 0
E55: G0068 | F55: MUHAMMAD RAFIQUE BURIRO | H55: POSSESION NOT YET | J55: 0 | K55: 0
C56: 7 | D56: NENDOS EXTENTION | E56: G0019 | F56: SYED RIZWAN HUSSAIN | J56: 19600 | K56: 0
E57: G0020 | F57: SYED ASIF ALI | H57: POSSESION NOT YET | J57: 19600 | K57: 0
E58: G0021 | F58: NIAZ AHMED | J58: 19200 | K58: 0
E59: G0022 | F59: RIAZ AHMED (ISRAR AHMED) | J59: 19200 | K59: 0
E60: G0023 | F60: MUHAMMAD LAEEQ | J60: 19200 | K60: 0
E61: G0025 | F61: SYED SAMMER ABBAS ZAIDI | H61: POSSESION NOT YET | J61: 29400 | K61: 0
E62: G0041 | F62: MUHAMMAD ABID SALEEM UDDIN | H62: POSSESION NOT YET | J62: 19800 | K62: 0
C63: 8 | D63: STYLE IN | E63: G0082 | F63: SYED SAIF UR REHMAN | J63: 28800 | K63: 0
C64: 9 | D64: MANSAB | E64: G0081 | F64: ALIYA BEGUM | J64: 30720 | K64: 0
C65: 10 | D65: CHINA MART | E65: UG096 | F65: MARIUM SUFYAN | J65: 12375
E66: UG115 | F66: ARIFA ARZOO | J66: 18375
E67: UG116 | F67: NOOR US SABA | J67: 12000
E68: UG118 | F68: HINA ALI | J68: 12375
E69: UG124 | F69: NAHEED NAZ | J69: 6187
E70: UG125 | F70: - | J70: 6187
E71: UG-126 | F71: ROBINA SALEEM | J71: 12000
E72: UG127 | F72: FARHANA ANJUM | J72: 12375
E73: UG146 | F73: SHAIKH M UMAIR & VERDAH KHATOON | J73: 13325
E74: UG147 | F74: MEHMOOD | J74: 12250
E75: UG148 | F75: NAHEED AKHTAR | J75: 6187
E76: UG149 | F76: NAHEED AKHTAR | J76: 6187
C77: TOTAL | J77: =SUM(J39:J76) -> 595172
J82: 12000
J83: 18375
J84: 30425
C87: LIST OF ALLOTTEES RENT CHEQUE APPROVAL SHEET
C89: RENT MONTH OF JULY-2026
C91: S.NOS. | D91: BRAND NAME | E91: SHOP NOS. | F91: ALLOTEE NAME | G91: CHEQUE NO. | H91: CHEQUE DATE | I91: BANK | J91: AMOUNT
C93: 1 | D93: HIJABEEZ | E93: G0091 | F93: SYED ZAHEER AHMED ZAIDI | G93: 33746807 | I93: DIB | J93: 40000
E94: G0092 | F94: FAISAL RASHEED | G94: 33746808 | I94: DIB | J94: 40000
C95: 3 | D95: MARFAN | E95: UG0159 | F95: HINA NAZ | G95: 33746809 | I95: DIB | J95: 15600
C96: 5 | D96: DOLLAR WORLD | E96: G0027 | F96: MUHAMMAD IMRAN | G96: 33746810 | I96: DIB | J96: 9600
E97: G0028 | F97: HAMID ALI | G97: 33746812 | I97: DIB | J97: 9600
E98: G0030 | F98: ASIM QURESHI | SAQIB QURESHI | G98: 33746834 | I98: DIB | J98: 9600
E99: G0031 | F99: ASHFAQ AHMED SIDDIQUI | G99: 33746813 | I99: DIB | J99: 11800
E100: G0032 | F100: ASHFAQ AHMED SIDDIQUI | G100: 33746814 | I100: DIB | J100: 11800
E101: G0034 | F101: DANISH AHMED SIDDIQUI | G101: 33746815 | I101: DIB | J101: 9600
E102: G0037 | F102: AZHAR ALI | G102: 33746816 | I102: DIB | J102: 9600
C103: 6 | D103: STYLE IN | E103: G0082 | F103: SYED SAIF UR REHMAN | G103: 33746836 | I103: DIB | J103: 28800
C104: TOTAL | J104: =SUM(J93:J103) -> 196000
D110: PREPAID BY | H110: CHECKED BY
D118: VERIFIED BY | H118: APPROVED BY
C128: LIST OF ALLOTTEES RENT CHEQUE APPROVAL SHEET
C130: RENT MONTH OF AUG-2026
C132: S.NOS. | D132: BRAND NAME | E132: SHOP NOS. | F132: ALLOTEE NAME | G132: CHEQUE NO. | H132: CHEQUE DATE | I132: BANK | J132: AMOUNT
C134: 5 | D134: DOLLAR WORLD | E134: G0027 | F134: MUHAMMAD IMRAN | G134: 33746817 | I134: DIB | J134: 14400
E135: G0028 | F135: HAMID ALI | G135: 33746818 | I135: DIB | J135: 14400
E136: G0030 | F136: ASIM QURESHI | SAQIB QURESHI | G136: 33746835 | I136: DIB | J136: 14400
E137: G0031 | F137: ASHFAQ AHMED SIDDIQUI | G137: 33746820 | I137: DIB | J137: 17700
E138: G0032 | F138: ASHFAQ AHMED SIDDIQUI | G138: 33746821 | I138: DIB | J138: 17700
E139: G0034 | F139: DANISH AHMED SIDDIQUI | G139: 33746822 | I139: DIB | J139: 14400
E140: G0037 | F140: AZHAR ALI | G140: 33746824 | I140: DIB | J140: 14400
C141: 6 | D141: CHILL APPAREL | E141: G0067 | F141: SOHAIL INTIZAR | G141: 33746825 | I141: DIB | J141: 31200
E142: G0068 | F142: MUHAMMAD RAFIQUE BURIRO | G142: 33746826 | I142: DIB | J142: 31200
C143: 7 | D143: NENDOS EXTENTION | E143: G0019 | F143: SYED RIZWAN HUSSAIN | G143: 33746827 | I143: DIB | J143: 19600
E144: G0020 | F144: SYED ASIF ALI | G144: 33746828 | I144: DIB | J144: 19600
E145: G0021 | F145: NIAZ AHMED | G145: 33746829 | I145: DIB | J145: 19200
E146: G0022 | F146: RIAZ AHMED (ISRAR AHMED) | G146: 33746830 | I146: DIB | J146: 19200
E147: G0023 | F147: MUHAMMAD LAEEQ | G147: 33746831 | I147: DIB | J147: 19200
E148: G0025 | F148: SYED SAMMER ABBAS ZAIDI | G148: 33746832 | I148: DIB | J148: 29400
...

Sheet Sheet7

Sheet Sheet3
B4: LIST OF ALLOTTEES RENT CHEQUE APPROVAL SHEET | J4: LIST OF PROFRSSIONAL MANAGMENT RENT CHEQUE APPROVAL SHEET | S4: LIST OF KAY KAY GROUP RENT CHEQUE APPROVAL SHEET | AB4: LIST OF FALAKNAZ GROUP RENT CHEQUE APPROVAL SHEET
B5: S.NO | C5: DESCRCIPTION | D5: CHEQUE NO | E5: CHEQUE DATE | F5: BANK NAME | G5: AMOUNT | J5: S.NO | K5: DESCRCIPTION | L5: CHEQUE NO | M5: CHEQUE DATE | N5: BANK NAME | O5: AMOUNT | S5: S.NO | T5: DESCRCIPTION | U5: CHEQUE NO | V5: CHEQUE DATE | W5: BANK NAME | X5: AMOUNT | AB5: S.NO | AC5: DESCRCIPTION | AD5: CHEQUE NO | AE5: CHEQUE DATE | AF5: BANK NAME | AG5: AMOUNT
B6: 1 | C6: CHEQUE PAID TO ALLOTEE (PROFRSSIONAL MANAGMENT) AGAINST SHOP RENT FOR THE MONTH OF FEB-2026(SHOP #G-51) | D6: 33649726 | F6: DUBAI ISLAMIC BANK | G6: 17640 | J6: 1 | K6: CHEQUE PAID TO ALLOTEE (PROFRSSIONAL MANAGMENT) AGAINST SHOP RENT FOR THE MONTH OF FEB-2026(SHOP #G-51) | L6: 33649726 | N6: DUBAI ISLAMIC BANK | O6: 17640 | S6: 1 | T6: CHEQUE PAID TO ALLOTEE (KAY KAY GROUP ) AGAINST SHOP RENT FOR THE MONTH OF JAN-2026(SHOP #G-36) | U6: 33649734 | W6: DUBAI ISLAMIC BANK | X6: 9600 | AB6: 1 | AC6: CHEQUE PAID TO ALLOTEE (FALAKNAZ GROUP) AGAINST SHOP RENT FOR THE MONTH OF FEB-2026(SHOP #G-73) | AD6: 33649730 | AF6: DUBAI ISLAMIC BANK | AG6: 17820
B7: 2 | C7: CHEQUE PAID TO ALLOTEE (PROFRSSIONAL MANAGMENT) AGAINST SHOP RENT FOR THE MONTH OF FEB-2026(SHOP #G-52) | D7: 33649727 | F7: DUBAI ISLAMIC BANK | G7: 17820 | J7: 2 | K7: CHEQUE PAID TO ALLOTEE (PROFRSSIONAL MANAGMENT) AGAINST SHOP RENT FOR THE MONTH OF FEB-2026(SHOP #G-52) | L7: 33649727 | N7: DUBAI ISLAMIC BANK | O7: 17820 | S7: 2 | T7: CHEQUE PAID TO ALLOTEE (KAY KAY GROUP ) AGAINST SHOP RENT FOR THE MONTH OF FEB-2026(SHOP #G-36) | U7: 33649735 | W7: DUBAI ISLAMIC BANK | X7: 9600 | AB7: 2 | AC7: CHEQUE PAID TO ALLOTEE (FALAKNAZ GROUP) AGAINST SHOP RENT FOR THE MONTH OF JAN-2026(SHOP #G-26) | AD7: 33649732 | AF7: DUBAI ISLAMIC BANK | AG7: 14400
B8: 3 | C8: CHEQUE PAID TO ALLOTEE (PROFRSSIONAL MANAGMENT) AGAINST SHOP RENT FOR THE MONTH OF FEB-2026(SHOP #G-54) | D8: 33649728 | F8: DUBAI ISLAMIC BANK | G8: 26460 | J8: 3 | K8: CHEQUE PAID TO ALLOTEE (PROFRSSIONAL MANAGMENT) AGAINST SHOP RENT FOR THE MONTH OF FEB-2026(SHOP #G-54) | L8: 33649728 | N8: DUBAI ISLAMIC BANK | O8: 26460 | S8: 3 | T8: CHEQUE PAID TO ALLOTEE (KAY KAY GROUP ) AGAINST SHOP RENT FOR THE MONTH OF JAN-2026(SHOP #G-69) | U8: 33649738 | W8: DUBAI ISLAMIC BANK | X8: 29700 | AB8: 3 | AC8: CHEQUE PAID TO ALLOTEE (FALAKNAZ GROUP ) AGAINST SHOP RENT FOR THE MONTH OF FEB-2026(SHOP #G-26) | AD8: 33649733 | AF8: DUBAI ISLAMIC BANK | AG8: 14400
B9: 4 | C9: CHEQUE PAID TO ALLOTEE (PROFRSSIONAL MANAGMENT) AGAINST SHOP RENT FOR THE MONTH OF FEB-2026(SHOP #G-72) | D9: 33649729 | F9: DUBAI ISLAMIC BANK | G9: 26460 | J9: 4 | K9: CHEQUE PAID TO ALLOTEE (PROFRSSIONAL MANAGMENT) AGAINST SHOP RENT FOR THE MONTH OF FEB-2026(SHOP #G-72) | L9: 33649729 | N9: DUBAI ISLAMIC BANK | O9: 26460 | S9: 4 | T9: CHEQUE PAID TO ALLOTEE (KAY KAY GROUP ) AGAINST SHOP RENT FOR THE MONTH OF FEB-2026(SHOP #G-69) | U9: 33649739 | W9: DUBAI ISLAMIC BANK | X9: 29700 | AB9: 4 | AC9: CHEQUE PAID TO ALLOTEE (FALAKNAZ GROUP ) AGAINST SHOP RENT FOR THE MONTH OF JAN-2026(SHOP #G-38) | AD9: 33649736 | AF9: DUBAI ISLAMIC BANK | AG9: 14400
B10: 5 | C10: CHEQUE PAID TO ALLOTEE (FALAKNAZ GROUP) AGAINST SHOP RENT FOR THE MONTH OF FEB-2026(SHOP #G-73) | D10: 33649730 | F10: DUBAI ISLAMIC BANK | G10: 17820 | J10: 5 | K10: CHEQUE PAID TO ALLOTEE (PROFESSIONAL MANAGMENT ) AGAINST SHOP RENT FOR THE MONTH OF FEB-2026(SHOP #G-74) | L10: 33649731 | N10: DUBAI ISLAMIC BANK | O10: 34560 | S10: 5 | T10: CHEQUE PAID TO ALLOTEE (KAY KAY GROUP ) AGAINST SHOP RENT FOR THE MONTH OF JAN-2026(SHOP #G-71) | U10: 33649740 | W10: DUBAI ISLAMIC BANK | X10: 44100 | AB10: 5 | AC10: CHEQUE PAID TO ALLOTEE (FALAKNAZ GROUP ) AGAINST SHOP RENT FOR THE MONTH OF FEB-2026(SHOP #G-38) | AD10: 33649737 | AF10: DUBAI ISLAMIC BANK | AG10: 14400
B11: 6 | C11: CHEQUE PAID TO ALLOTEE (PROFESSIONAL MANAGMENT ) AGAINST SHOP RENT FOR THE MONTH OF FEB-2026(SHOP #G-74) | D11: 33649731 | F11: DUBAI ISLAMIC BANK | G11: 34560 | J11: 6 | K11: CHEQUE PAID TO ALLOTEE (PROFRSSIONAL MANAGMENT) AGAINST SHOP RENT FOR THE MONTH OF FEB-2026(SHOP #G-18) | L11: 33649742 | N11: DUBAI ISLAMIC BANK | O11: 28800 | S11: 6 | T11: CHEQUE PAID TO ALLOTEE (KAY KAY GROUP ) AGAINST SHOP RENT FOR THE MONTH OF FEB-2026(SHOP #G-71) | U11: 33649741 | W11: DUBAI ISLAMIC BANK | X11: 44100 | AB11: 6 | AC11: CHEQUE PAID TO ALLOTEE (FALAKNAZ GROUP ) AGAINST SHOP RENT FOR THE MONTH OF FEB-2026(SHOP #G-44) | AD11: 33649745 | AF11: DUBAI ISLAMIC BANK | AG11: 19200
B12: 7 | C12: CHEQUE PAID TO ALLOTEE (FALAKNAZ GROUP) AGAINST SHOP RENT FOR THE MONTH OF JAN-2026(SHOP #G-26) | D12: 33649732 | F12: DUBAI ISLAMIC BANK | G12: 14400 | J12: 7 | K12: CHEQUE PAID TO ALLOTEE (PROFRSSIONAL MANAGMENT) AGAINST SHOP RENT FOR THE MONTH OF FEB-2026(SHOP #G-40) | L12: 33649743 | N12: DUBAI ISLAMIC BANK | O12: 29400 | S12: TOTAL AMOUNT | X12: =SUM(X2:X11) -> 166800 | AB12: TOTAL AMOUNT | AG12: =SUM(AG2:AG11) -> 94620
B13: 8 | C13: CHEQUE PAID TO ALLOTEE (FALAKNAZ GROUP ) AGAINST SHOP RENT FOR THE MONTH OF FEB-2026(SHOP #G-26) | D13: 33649733 | F13: DUBAI ISLAMIC BANK | G13: 14400 | J13: 8 | K13: CHEQUE PAID TO ALLOTEE (PROFRSSIONAL MANAGMENT) AGAINST SHOP RENT FOR THE MONTH OF FEB-2026(SHOP #G-43) | L13: 33649744 | N13: DUBAI ISLAMIC BANK | O13: 38400
B14: 9 | C14: CHEQUE PAID TO ALLOTEE (KAY KAY GROUP ) AGAINST SHOP RENT FOR THE MONTH OF JAN-2026(SHOP #G-36) | D14: 33649734 | F14: DUBAI ISLAMIC BANK | G14: 9600 | J14: 9 | K14: CHEQUE PAID TO ALLOTEE (PROFRSSIONAL MANAGMENT) AGAINST SHOP RENT FOR THE MONTH OF FEB-2026(SHOP #G-45) | L14: 33649746 | N14: DUBAI ISLAMIC BANK | O14: 19200
B15: 10 | C15: CHEQUE PAID TO ALLOTEE (KAY KAY GROUP ) AGAINST SHOP RENT FOR THE MONTH OF FEB-2026(SHOP #G-36) | D15: 33649735 | F15: DUBAI ISLAMIC BANK | G15: 9600 | J15: TOTAL AMOUNT | O15: =SUM(O5:O14) -> 238740
C16: TOTAL AMOUNT | G16: =SUM(G6:G15) -> 188760
C18: PREPAID BY | E18: CHECKED BY
C21: VERIFIED BY | E21: APPROVED BY
B24: LIST OF ALLOTTEES RENT CHEQUE APPROVAL SHEET
B25: S.NO | C25: DESCRCIPTION | D25: CHEQUE NO | E25: CHEQUE DATE | F25: BANK NAME | G25: AMOUNT | H25: REMARKS
B26: 1 | C26: CHEQUE PAID TO ALLOTEE (FALAKNAZ GROUP ) AGAINST SHOP RENT FOR THE MONTH OF JAN-2026(SHOP #G-38) | D26: 33649736 | F26: DUBAI ISLAMIC BANK | G26: 14400
B27: 2 | C27: CHEQUE PAID TO ALLOTEE (FALAKNAZ GROUP ) AGAINST SHOP RENT FOR THE MONTH OF FEB-2026(SHOP #G-38) | D27: 33649737 | F27: DUBAI ISLAMIC BANK | G27: 14400
B28: 3 | C28: CHEQUE PAID TO ALLOTEE (KAY KAY GROUP ) AGAINST SHOP RENT FOR THE MONTH OF JAN-2026(SHOP #G-69) | D28: 33649738 | F28: DUBAI ISLAMIC BANK | G28: 29700
B29: 4 | C29: CHEQUE PAID TO ALLOTEE (KAY KAY GROUP ) AGAINST SHOP RENT FOR THE MONTH OF FEB-2026(SHOP #G-69) | D29: 33649739 | F29: DUBAI ISLAMIC BANK | G29: 29700
B30: 5 | C30: CHEQUE PAID TO ALLOTEE (KAY KAY GROUP ) AGAINST SHOP RENT FOR THE MONTH OF JAN-2026(SHOP #G-71) | D30: 33649740 | F30: DUBAI ISLAMIC BANK | G30: 44100
B31: 6 | C31: CHEQUE PAID TO ALLOTEE (KAY KAY GROUP ) AGAINST SHOP RENT FOR THE MONTH OF FEB-2026(SHOP #G-71) | D31: 33649741 | F31: DUBAI ISLAMIC BANK | G31: 44100
B32: 7 | C32: CHEQUE PAID TO ALLOTEE (PROFRSSIONAL MANAGMENT) AGAINST SHOP RENT FOR THE MONTH OF FEB-2026(SHOP #G-18) | D32: 33649742 | F32: DUBAI ISLAMIC BANK | G32: 28800
B33: 8 | C33: CHEQUE PAID TO ALLOTEE (PROFRSSIONAL MANAGMENT) AGAINST SHOP RENT FOR THE MONTH OF FEB-2026(SHOP #G-40) | D33: 33649743 | F33: DUBAI ISLAMIC BANK | G33: 29400
B34: 9 | C34: CHEQUE PAID TO ALLOTEE (PROFRSSIONAL MANAGMENT) AGAINST SHOP RENT FOR THE MONTH OF FEB-2026(SHOP #G-43) | D34: 33649744 | F34: DUBAI ISLAMIC BANK | G34: 38400
B35: 10 | C35: CHEQUE PAID TO ALLOTEE (FALAKNAZ GROUP ) AGAINST SHOP RENT FOR THE MONTH OF FEB-2026(SHOP #G-44) | D35: 33649745 | F35: DUBAI ISLAMIC BANK | G35: 19200
B36: 11 | C36: CHEQUE PAID TO ALLOTEE (PROFRSSIONAL MANAGMENT) AGAINST SHOP RENT FOR THE MONTH OF FEB-2026(SHOP #G-45) | D36: 33649746 | F36: DUBAI ISLAMIC BANK | G36: 19200
C37: TOTAL AMOUNT | G37: =SUM(G26:G36) -> 311400
C44: PREPAID BY | E44: CHECKED BY
B51: LIST OF PROFRSSIONAL MANAGMENT RENT CHEQUES
B52: S.NO | C52: DESCRCIPTION | D52: CHEQUE NO | E52: CHEQUE DATE | F52: BANK NAME | G52: AMOUNT | H52: REMARKS
B53: 1 | C53: CHEQUE PAID TO ALLOTEE (PROFRSSIONAL MANAGMENT) AGAINST SHOP RENT FOR THE MONTH OF FEB-2026(SHOP #G-51) | D53: 33649726 | F53: DUBAI ISLAMIC BANK | G53: 17640
B54: 2 | C54: CHEQUE PAID TO ALLOTEE (PROFRSSIONAL MANAGMENT) AGAINST SHOP RENT FOR THE MONTH OF FEB-2026(SHOP #G-52) | D54: 33649727 | F54: DUBAI ISLAMIC BANK | G54: 17820
B55: 3 | C55: CHEQUE PAID TO ALLOTEE (PROFRSSIONAL MANAGMENT) AGAINST SHOP RENT FOR THE MONTH OF FEB-2026(SHOP #G-54) | D55: 33649728 | F55: DUBAI ISLAMIC BANK | G55: 26460
B56: 4 | C56: CHEQUE PAID TO ALLOTEE (PROFRSSIONAL MANAGMENT) AGAINST SHOP RENT FOR THE MONTH OF FEB-2026(SHOP #G-72) | D56: 33649729 | F56: DUBAI ISLAMIC BANK | G56: 26460
B57: 5 | C57: CHEQUE PAID TO ALLOTEE (PROFESSIONAL MANAGMENT ) AGAINST SHOP RENT FOR THE MONTH OF FEB-2026(SHOP #G-74) | D57: 33649731 | F57: DUBAI ISLAMIC BANK | G57: 34560
B58: 6 | C58: CHEQUE PAID TO ALLOTEE (PROFRSSIONAL MANAGMENT) AGAINST SHOP RENT FOR THE MONTH OF FEB-2026(SHOP #G-18) | D58: 33649742 | F58: DUBAI ISLAMIC BANK | G58: 28800
B59: 7 | C59: CHEQUE PAID TO ALLOTEE (PROFRSSIONAL MANAGMENT) AGAINST SHOP RENT FOR THE MONTH OF FEB-2026(SHOP #G-40) | D59: 33649743 | F59: DUBAI ISLAMIC BANK | G59: 29400
B60: 8 | C60: CHEQUE PAID TO ALLOTEE (PROFRSSIONAL MANAGMENT) AGAINST SHOP RENT FOR THE MONTH OF FEB-2026(SHOP #G-43) | D60: 33649744 | F60: DUBAI ISLAMIC BANK | G60: 38400
B61: 9 | C61: CHEQUE PAID TO ALLOTEE (PROFRSSIONAL MANAGMENT) AGAINST SHOP RENT FOR THE MONTH OF FEB-2026(SHOP #G-45) | D61: 33649746 | F61: DUBAI ISLAMIC BANK | G61: 19200
B62: 10 | C62: CHEQUE PAID TO ALLOTEE (PROFRSSIONAL MANAGMENT) AGAINST SHOP RENT FOR THE MONTH OF MARCH-2026(SHOP #G-18) | F62: DUBAI ISLAMIC BANK | G62: 28800
B63: 11 | C63: CHEQUE PAID TO ALLOTEE (PROFRSSIONAL MANAGMENT) AGAINST SHOP RENT FOR THE MONTH OF APRIL-2026(SHOP #G-18) | F63: DUBAI ISLAMIC BANK | G63: 28800
B64: 12 | C64: CHEQUE PAID TO ALLOTEE (PROFRSSIONAL MANAGMENT) AGAINST SHOP RENT FOR THE MONTH OF MARCH-2026(SHOP #G-40) | F64: DUBAI ISLAMIC BANK | G64: 29400
B65: 13 | C65: CHEQUE PAID TO ALLOTEE (PROFRSSIONAL MANAGMENT) AGAINST SHOP RENT FOR THE MONTH OF APRIL-2026(SHOP #G-40) | F65: DUBAI ISLAMIC BANK | G65: 29400
B66: 14 | C66: CHEQUE PAID TO ALLOTEE (PROFRSSIONAL MANAGMENT) AGAINST SHOP RENT FOR THE MONTH OF MARCH-2026(SHOP #G-43) | F66: DUBAI ISLAMIC BANK | G66: 38400
B67: 15 | C67: CHEQUE PAID TO ALLOTEE (PROFRSSIONAL MANAGMENT) AGAINST SHOP RENT FOR THE MONTH OF APRIL-2026(SHOP #G-43) | F67: DUBAI ISLAMIC BANK | G67: 38400
B68: 16 | C68: CHEQUE PAID TO ALLOTEE (PROFRSSIONAL MANAGMENT) AGAINST SHOP RENT FOR THE MONTH OF MARCH-2026(SHOP #G-45) | F68: DUBAI ISLAMIC BANK | G68: 19200
B69: 17 | C69: CHEQUE PAID TO ALLOTEE (PROFRSSIONAL MANAGMENT) AGAINST SHOP RENT FOR THE MONTH OF APRIL-2026(SHOP #G-45) | F69: DUBAI ISLAMIC BANK | G69: 19200
C70: TOTAL AMOUNT | G70: =SUM(G53:G69) -> 470340
B79: LIST OF KAY KAY GROUP RENT CHEQUES
B80: S.NO | C80: DESCRCIPTION | D80: CHEQUE NO | E80: CHEQUE DATE | F80: BANK NAME | G80: AMOUNT | H80: REMARKS
B81: 1 | C81: CHEQUE PAID TO ALLOTEE (KAY KAY GROUP ) AGAINST SHOP RENT FOR THE MONTH OF JAN-2026(SHOP #G-36) | D81: 33649734 | F81: DUBAI ISLAMIC BANK | G81: 9600
B82: 2 | C82: CHEQUE PAID TO ALLOTEE (KAY KAY GROUP ) AGAINST SHOP RENT FOR THE MONTH OF FEB-2026(SHOP #G-36) | D82: 33649735 | F82: DUBAI ISLAMIC BANK | G82: 9600
B83: 3 | C83: CHEQUE PAID TO ALLOTEE (KAY KAY GROUP ) AGAINST SHOP RENT FOR THE MONTH OF JAN-2026(SHOP #G-69) | D83: 33649738 | F83: DUBAI ISLAMIC BANK | G83: 29700
B84: 4 | C84: CHEQUE PAID TO ALLOTEE (KAY KAY GROUP ) AGAINST SHOP RENT FOR THE MONTH OF FEB-2026(SHOP #G-69) | D84: 33649739 | F84: DUBAI ISLAMIC BANK | G84: 29700
B85: 5 | C85: CHEQUE PAID TO ALLOTEE (KAY KAY GROUP ) AGAINST SHOP RENT FOR THE MONTH OF JAN-2026(SHOP #G-71) | D85: 33649740 | F85: DUBAI ISLAMIC BANK | G85: 44100
B86: 6 | C86: CHEQUE PAID TO ALLOTEE (KAY KAY GROUP ) AGAINST SHOP RENT FOR THE MONTH OF FEB-2026(SHOP #G-71) | D86: 33649741 | F86: DUBAI ISLAMIC BANK | G86: 44100
B87: 7 | C87: CHEQUE PAID TO ALLOTEE (KAY KAY GROUP ) AGAINST SHOP RENT FOR THE MONTH OF MARCH-2026(SHOP #G-36) | F87: DUBAI ISLAMIC BANK | G87: 9600
B88: 8 | C88: CHEQUE PAID TO ALLOTEE (KAY KAY GROUP ) AGAINST SHOP RENT FOR THE MONTH OF APRIL-2026(SHOP #G-36) | F88: DUBAI ISLAMIC BANK | G88: 9600
B89: 9 | C89: CHEQUE PAID TO ALLOTEE (KAY KAY GROUP ) AGAINST SHOP RENT FOR THE MONTH OF MARCH-2026(SHOP #G-69) | F89: DUBAI ISLAMIC BANK | G89: 29700
B90: 10 | C90: CHEQUE PAID TO ALLOTEE (KAY KAY GROUP ) AGAINST SHOP RENT FOR THE MONTH OF APRIL-2026(SHOP #G-69) | F90: DUBAI ISLAMIC BANK | G90: 29700
B91: 11 | C91: CHEQUE PAID TO ALLOTEE (KAY KAY GROUP ) AGAINST SHOP RENT FOR THE MONTH OF MARCH-2026(SHOP #G-71) | F91: DUBAI ISLAMIC BANK | G91: 44100
B92: 12 | C92: CHEQUE PAID TO ALLOTEE (KAY KAY GROUP ) AGAINST SHOP RENT FOR THE MONTH OF APRIL-2026(SHOP #G-71) | F92: DUBAI ISLAMIC BANK | G92: 44100
C93: TOTAL AMOUNT | G93: =SUM(G81:G92) -> 333600
B98: LIST OF FALAKNAZ GROUP RENT CHEQUES
B99: S.NO | C99: DESCRCIPTION | D99: CHEQUE NO | E99: CHEQUE DATE | F99: BANK NAME | G99: AMOUNT | H99: REMARKS
B100: 1 | C100: CHEQUE PAID TO ALLOTEE (FALAKNAZ GROUP) AGAINST SHOP RENT FOR THE MONTH OF FEB-2026(SHOP #G-73) | D100: 33649730 | F100: DUBAI ISLAMIC BANK | G100: 17820
B101: 2 | C101: CHEQUE PAID TO ALLOTEE (FALAKNAZ GROUP) AGAINST SHOP RENT FOR THE MONTH OF JAN-2026(SHOP #G-26) | D101: 33649732 | F101: DUBAI ISLAMIC BANK | G101: 14400
B102: 3 | C102: CHEQUE PAID TO ALLOTEE (FALAKNAZ GROUP ) AGAINST SHOP RENT FOR THE MONTH OF FEB-2026(SHOP #G-26) | D102: 33649733 | F102: DUBAI ISLAMIC BANK | G102: 14400
B103: 4 | C103: CHEQUE PAID TO ALLOTEE (FALAKNAZ GROUP ) AGAINST SHOP RENT FOR THE MONTH OF JAN-2026(SHOP #G-38) | D103: 33649736 | F103: DUBAI ISLAMIC BANK | G103: 14400
B104: 5 | C104: CHEQUE PAID TO ALLOTEE (FALAKNAZ GROUP ) AGAINST SHOP RENT FOR THE MONTH OF FEB-2026(SHOP #G-38) | D104: 33649737 | F104: DUBAI ISLAMIC BANK | G104: 14400
B105: 6 | C105: CHEQUE PAID TO ALLOTEE (FALAKNAZ GROUP ) AGAINST SHOP RENT FOR THE MONTH OF FEB-2026(SHOP #G-44) | D105: 33649745 | F105: DUBAI ISLAMIC BANK | G105: 19200
B106: 7 | C106: CHEQUE PAID TO ALLOTEE (FALAKNAZ GROUP ) AGAINST SHOP RENT FOR THE MONTH OF MARCH-2026(SHOP #G-26) | F106: DUBAI ISLAMIC BANK | G106: 14400
B107: 8 | C107: CHEQUE PAID TO ALLOTEE (FALAKNAZ GROUP ) AGAINST SHOP RENT FOR THE MONTH OF APRIL-2026(SHOP #G-26) | F107: DUBAI ISLAMIC BANK | G107: 14400
B108: 9 | C108: CHEQUE PAID TO ALLOTEE (FALAKNAZ GROUP ) AGAINST SHOP RENT FOR THE MONTH OF MARCH-2026(SHOP #G-38) | F108: DUBAI ISLAMIC BANK | G108: 14400
B109: 10 | C109: CHEQUE PAID TO ALLOTEE (FALAKNAZ GROUP ) AGAINST SHOP RENT FOR THE MONTH OF APRIL-2026(SHOP #G-38) | F109: DUBAI ISLAMIC BANK | G109: 14400
B110: 11 | C110: CHEQUE PAID TO ALLOTEE (FALAKNAZ GROUP ) AGAINST SHOP RENT FOR THE MONTH OF MARCH-2026(SHOP #G-44) | F110: DUBAI ISLAMIC BANK | G110: 19200
B111: 12 | C111: CHEQUE PAID TO ALLOTEE (FALAKNAZ GROUP ) AGAINST SHOP RENT FOR THE MONTH OF APRIL-2026(SHOP #G-44) | F111: DUBAI ISLAMIC BANK | G111: 19200
C112: TOTAL AMOUNT | G112: =SUM(G100:G111) -> 190620
C119: SUMMARY (JAN-26 - APR-26) | D119: AMOUNT
C120: PROFRSSIONAL MANAGMENT RENT CHEQUES | D120: =G70 -> 470340
C121: KAY KAY GROUP RENT CHEQUES | D121: =G93 -> 333600
C122: FALAKNAZ GROUP RENT CHEQUES | D122: =G112 -> 190620
C123: TOTAL AMOUNT | D123: =SUM(D120:D122) -> 994560
B133: LIST OF COMPANIES RENT CHEQUES (MARCH)
B134: S.NO | C134: DESCRCIPTION | D134: CHEQUE NO | E134: CHEQUE DATE | F134: BANK NAME | G134: AMOUNT
B135: 1 | F135: DUBAI ISLAMIC BANK | G135: 14400
B136: 2 | F136: DUBAI ISLAMIC BANK | G136: 9600
B137: 3 | F137: DUBAI ISLAMIC BANK | G137: 14400
B138: 4 | F138: DUBAI ISLAMIC BANK | G138: 28800
B139: 5 | F139: DUBAI ISLAMIC BANK | G139: 29400
B140: 6 | F140: DUBAI ISLAMIC BANK | G140: 38400
B141: 7 | F141: DUBAI ISLAMIC BANK | G141: 19200
B142: 8 | F142: DUBAI ISLAMIC BANK | G142: 19200
B143: 9 | F143: DUBAI ISLAMIC BANK | G143: 29700
B144: 10 | F144: DUBAI ISLAMIC BANK | G144: 44100

Sheet MARCH-APR
A1: DATE 13-05-2026 | M1: DATE 20-06-2026 | X1: DATE 20-06-2026
A2: ALLOTEE RENT PAYABLE DETAILS | M2: ALLOTEE RENT PAYABLE DETAILS | X2: ALLOTEE RENT PAYABLE DETAILS
A3: S.NOS. | B3: BRAND NAME | C3: SHOP NOS. | D3: ALLOTEE NAME | E3: SQ.FT. | F3: RENT MONTH OF MARCH-2026 | G3: ALLOTEE RENT PAYABLE | H3: FOR THE MONTH OF MARCH-26 | I3: REMARKS | M3: S.NOS. | N3: BRAND NAME | O3: SHOP NOS. | P3: ALLOTEE NAME | Q3: SQ.FT. | R3: RENT MONTH OF APRIL-2026 | S3: ALLOTEE RENT PAYABLE | T3: REMARKS | X3: S.NOS. | Y3: BRAND NAME | Z3: SHOP NOS. | AA3: ALLOTEE NAME | AB3: SQ.FT. | AC3: RENT MONTH OF MAY-2026 | AD3: ALLOTEE RENT PAYABLE | AE3: REMARKS
A4: 1 | B4: ELENOR | C4: G0081 | D4: ALIYA BEGUM | E4: 96 | F4: 14400 | G4: =F4 -> 14400 | H4: 46082 | M4: 1 | N4: ELENOR | O4: G0081 | P4: ALIYA BEGUM | Q4: 96 | R4: 14400 | S4: =R4 -> 14400 | X4: 1 | Y4: ELENOR | Z4: G0081 | AA4: ALIYA BEGUM | AB4: 96 | AC4: 14400 | AD4: =AC4 -> 14400
A5: 2 | B5: DOLLAR WORLD | C5: G0026 | D5: FALAKNAZ GROUP | E5: 144 | F5: 14400 | G5: =F5 -> 14400 | H5: 46082 | M5: 2 | N5: DOLLAR WORLD | O5: G0026 | P5: FALAKNAZ GROUP | Q5: 144 | R5: 14400 | S5: =R5 -> 14400 | X5: 2 | Y5: DOLLAR WORLD | Z5: G0026 | AA5: FALAKNAZ GROUP | AB5: 144 | AC5: 14400 | AD5: =AC5 -> 14400
B6: DOLLAR WORLD | C6: G0027 | D6: MUHAMMAD IMRAN | E6: 96 | F6: 9600 | G6: =F6 -> 9600 | H6: 46082 | O6: G0027 | P6: MUHAMMAD IMRAN | Q6: 96 | R6: 9600 | S6: =R6 -> 9600 | Z6: G0027 | AA6: MUHAMMAD IMRAN | AB6: 96 | AC6: 9600 | AD6: =AC6 -> 9600
B7: DOLLAR WORLD | C7: G0028 | D7: HAMID ALI | E7: 96 | F7: 9600 | G7: =F7 -> 9600 | H7: 46082 | O7: G0028 | P7: HAMID ALI | Q7: 96 | R7: 9600 | S7: =R7 -> 9600 | Z7: G0028 | AA7: HAMID ALI | AB7: 96 | AC7: 9600 | AD7: =AC7 -> 9600
B8: DOLLAR WORLD | C8: G0030 | D8: ASIM QURESHI | SAQIB QURESHI | E8: 96 | F8: 9600 | G8: =F8 -> 9600 | H8: 46082 | O8: G0030 | P8: ASIM QURESHI | SAQIB QURESHI | Q8: 96 | R8: 9600 | S8: =R8 -> 9600 | Z8: G0030 | AA8: ASIM QURESHI | SAQIB QURESHI | AB8: 96 | AC8: 9600 | AD8: =AC8 -> 9600
B9: DOLLAR WORLD | C9: G0031 | D9: ASHFAQ AHMED SIDDIQUI | E9: 118 | F9: 11800 | G9: =F9 -> 11800 | H9: 46082 | O9: G0031 | P9: ASHFAQ AHMED SIDDIQUI | Q9: 118 | R9: 11800 | S9: =R9 -> 11800 | Z9: G0031 | AA9: ASHFAQ AHMED SIDDIQUI | AB9: 118 | AC9: 11800 | AD9: =AC9 -> 11800
B10: DOLLAR WORLD | C10: G0032 | D10: ASHFAQ AHMED SIDDIQUI | E10: 118 | F10: 11800 | G10: =F10 -> 11800 | H10: 46082 | O10: G0032 | P10: ASHFAQ AHMED SIDDIQUI | Q10: 118 | R10: 11800 | S10: =R10 -> 11800 | Z10: G0032 | AA10: ASHFAQ AHMED SIDDIQUI | AB10: 118 | AC10: 11800 | AD10: =AC10 -> 11800
B11: DOLLAR WORLD | C11: G0034 | D11: DANISH AHMED SIDDIQUI | E11: 96 | F11: 9600 | G11: =F11 -> 9600 | H11: 46082 | O11: G0034 | P11: DANISH AHMED SIDDIQUI | Q11: 96 | R11: 9600 | S11: =R11 -> 9600 | Z11: G0034 | AA11: DANISH AHMED SIDDIQUI | AB11: 96 | AC11: 9600 | AD11: =AC11 -> 9600
B12: DOLLAR WORLD | C12: G0036 | D12: KAY KAY GROUP | E12: 96 | F12: 9600 | G12: =F12 -> 9600 | H12: 46082 | O12: G0036 | P12: KAY KAY GROUP | Q12: 96 | R12: 9600 | S12: =R12 -> 9600 | Z12: G0036 | AA12: KAY KAY GROUP | AB12: 96 | AC12: 9600 | AD12: =AC12 -> 9600
B13: DOLLAR WORLD | C13: G0037 | D13: AZHAR ALI | E13: 96 | F13: 9600 | G13: =F13 -> 9600 | H13: 46082 | O13: G0037 | P13: AZHAR ALI | Q13: 96 | R13: 9600 | S13: =R13 -> 9600 | Z13: G0037 | AA13: AZHAR ALI | AB13: 96 | AC13: 9600 | AD13: =AC13 -> 9600
B14: DOLLAR WORLD | C14: G0038 | D14: FALAKNAZ GROUP | E14: 144 | F14: 14400 | G14: =F14 -> 14400 | H14: 46082 | O14: G0038 | P14: FALAKNAZ GROUP | Q14: 144 | R14: 14400 | S14: =R14 -> 14400 | Z14: G0038 | AA14: FALAKNAZ GROUP | AB14: 144 | AC14: 14400 | AD14: =AC14 -> 14400
A15: 3 | B15: NENDOS EXTENTION | C15: G0018 | D15: PROFESSIONAL MANAGEMENT | E15: 144 | F15: 28800 | G15: =F15 -> 28800 | H15: 46082 | M15: 3 | N15: NENDOS EXTENTION | O15: G0018 | P15: PROFESSIONAL MANAGEMENT | Q15: 147 | R15: 28800 | S15: =R15 -> 28800 | X15: 3 | Y15: NENDOS EXTENTION | Z15: G0018 | AA15: PROFESSIONAL MANAGEMENT | AB15: 147 | AC15: 28800 | AD15: =AC15 -> 28800
B16: NENDOS EXTENTION | C16: G0019 | D16: SYED RIZWAN HUSSAIN | E16: 98 | F16: 19600 | G16: =F16 -> 19600 | H16: 46082 | O16: G0019 | P16: SYED RIZWAN HUSSAIN | Q16: 98 | R16: 19600 | S16: =R16 -> 19600 | Z16: G0019 | AA16: SYED RIZWAN HUSSAIN | AB16: 98 | AC16: 19600 | AD16: =AC16 -> 19600
B17: NENDOS EXTENTION | C17: G0020 | D17: SYED ASIF ALI | E17: 98 | F17: 19600 | G17: =F17 -> 19600 | H17: 46082 | O17: G0020 | P17: SYED ASIF ALI | Q17: 98 | R17: 19600 | S17: =R17 -> 19600 | Z17: G0020 | AA17: SYED ASIF ALI | AB17: 98 | AC17: 19600 | AD17: =AC17 -> 19600
B18: NENDOS EXTENTION | C18: G0021 | D18: NIAZ AHMED | E18: 99 | F18: 19800 | G18: =F18 -> 19800 | H18: 46082 | O18: G0021 | P18: NIAZ AHMED | Q18: 96 | R18: 19800 | S18: =R18 -> 19800 | Z18: G0021 | AA18: NIAZ AHMED | AB18: 96 | AC18: 19800 | AD18: =AC18 -> 19800
B19: NENDOS EXTENTION | C19: G0022 | D19: ISRAR AHMED | E19: 96 | F19: 19200 | G19: =F19 -> 19200 | H19: 46082 | O19: G0022 | P19: ISRAR AHMED | Q19: 96 | R19: 19200 | S19: =R19 -> 19200 | Z19: G0022 | AA19: ISRAR AHMED | AB19: 96 | AC19: 19200 | AD19: =AC19 -> 19200
B20: NENDOS EXTENTION | C20: G0023 | D20: MUHAMMAD LAEEQ | E20: 96 | F20: 19200 | G20: =F20 -> 19200 | H20: 46082 | O20: G0023 | P20: MUHAMMAD LAEEQ | Q20: 96 | R20: 19200 | S20: =R20 -> 19200 | Z20: G0023 | AA20: MUHAMMAD LAEEQ | AB20: 96 | AC20: 19200 | AD20: =AC20 -> 19200
B21: NENDOS EXTENTION | C21: G0025 | D21: SYED SAMMER ABBAS ZAIDI | E21: 147 | F21: 29400 | G21: =F21 -> 29400 | H21: 46082 | O21: G0025 | P21: SYED SAMMER ABBAS ZAIDI | Q21: 147 | R21: 29400 | S21: =R21 -> 29400 | Z21: G0025 | AA21: SYED SAMMER ABBAS ZAIDI | AB21: 147 | AC21: 29400 | AD21: =AC21 -> 29400
B22: NENDOS EXTENTION | C22: G0040 | D22: PROFESSIONAL MANAGEMENT | E22: 147 | F22: 29400 | G22: =F22 -> 29400 | H22: 46082 | O22: G0040 | P22: PROFESSIONAL MANAGEMENT | Q22: 147 | R22: 29400 | S22: =R22 -> 29400 | Z22: G0040 | AA22: PROFESSIONAL MANAGEMENT | AB22: 147 | AC22: 29400 | AD22: =AC22 -> 29400
B23: NENDOS EXTENTION | C23: G0041 | D23: MUHAMMAD ABID SALEEM UDDIN | E23: 99 | F23: 19800 | G23: =F23 -> 19800 | H23: 46082 | O23: G0041 | P23: MUHAMMAD ABID SALEEM UDDIN | Q23: 99 | R23: 19800 | S23: =R23 -> 19800 | Z23: G0041 | AA23: MUHAMMAD ABID SALEEM UDDIN | AB23: 99 | AC23: 19800 | AD23: =AC23 -> 19800
B24: NENDOS EXTENTION | C24: G0043 | D24: PROFESSIONAL MANAGEMENT | E24: 192 | F24: 38400 | G24: =F24 -> 38400 | H24: 46082 | O24: G0043 | P24: PROFESSIONAL MANAGEMENT | Q24: 192 | R24: 38400 | S24: =R24 -> 38400 | Z24: G0043 | AA24: PROFESSIONAL MANAGEMENT | AB24: 192 | AC24: 38400 | AD24: =AC24 -> 38400
B25: NENDOS EXTENTION | C25: G0044 | D25: FALAKNAZ GROUP | E25: 96 | F25: 19200 | G25: =F25 -> 19200 | H25: 46082 | O25: G0044 | P25: FALAKNAZ GROUP | Q25: 96 | R25: 19200 | S25: =R25 -> 19200 | Z25: G0044 | AA25: FALAKNAZ GROUP | AB25: 96 | AC25: 19200 | AD25: =AC25 -> 19200
B26: NENDOS EXTENTION | C26: G0045 | D26: PROFESSIONAL MANAGEMENT | E26: 96 | F26: 19200 | G26: =F26 -> 19200 | H26: 46082 | O26: G0045 | P26: PROFESSIONAL MANAGEMENT | Q26: 96 | R26: 19200 | S26: =R26 -> 19200 | Z26: G0045 | AA26: PROFESSIONAL MANAGEMENT | AB26: 96 | AC26: 19200 | AD26: =AC26 -> 19200
A27: 4 | B27: STYLE IN | C27: G0082 | D27: SYED SAIF UR REHMAN | E27: 96 | F27: 28800 | G27: =F27 -> 28800 | H27: 46082 | M27: 4 | N27: BEMBENINE | O27: G0067 | P27: SOHAIL INTIZAR | Q27: 96 | R27: 28800 | S27: 28800 | X27: 4 | Y27: BEMBENINE | Z27: G0067 | AA27: SOHAIL INTIZAR | AB27: 96 | AC27: 28800 | AD27: 28800
A28: 5 | B28: BEMBENINE | C28: G0067 | D28: SOHAIL INTIZAR | E28: 96 | F28: 28800 | G28: 28800 | H28: 46082 | O28: G0068 | P28: MUHAMMAD RAFIQUE BURIRO | Q28: 96 | R28: 28800 | S28: 28800 | Z28: G0068 | AA28: MUHAMMAD RAFIQUE BURIRO | AB28: 96 | AC28: 28800 | AD28: 28800
B29: BEMBENINE | C29: G0068 | D29: MUHAMMAD RAFIQUE BURIRO | E29: 96 | F29: 28800 | G29: 28800 | H29: 46082 | O29: G0069 | P29: KAY KAY GROUP | Q29: 99 | R29: 29700 | S29: 29700 | Z29: G0069 | AA29: KAY KAY GROUP | AB29: 99 | AC29: 29700 | AD29: 29700
B30: BEMBENINE | C30: G0069 | D30: KAY KAY GROUP | E30: 99 | F30: 29700 | G30: 29700 | H30: 46082 | O30: G0071 | P30: KAY KAY GROUP | Q30: 147 | R30: 44100 | S30: 44100 | Z30: G0071 | AA30: KAY KAY GROUP | AB30: 147 | AC30: 44100 | AD30: 44100
B31: BEMBENINE | C31: G0071 | D31: KAY KAY GROUP | E31: 147 | F31: 44100 | G31: 44100 | H31: 46082
E33: =SUM(E4:E31) -> 3138 | M33: TOTAL | R33: =SUM(R4:R30) -> 537400 | S33: =SUM(S4:S30) -> 537400 | X33: TOTAL | AC33: =SUM(AC4:AC30) -> 537400 | AD33: =SUM(AD4:AD30) -> 537400
A34: TOTAL | F34: =SUM(F4:F31) -> 566200 | G34: =SUM(G4:G31) -> 566200
A39: DATE 13-05-2026
A40: ALLOTEE RENT PAYABLE DETAILS
A41: S.NOS. | B41: BRAND NAME | C41: SHOP NOS. | D41: ALLOTEE NAME | E41: SQ.FT. | F41: RENT MONTH OF MARCH-2026 | G41: ALLOTEE RENT PAYABLE | H41: FOR THE MONTH OF MARCH-26 | I41: REMARKS
A42: 1 | B42: ELENOR | C42: G0081 | D42: ALIYA BEGUM | E42: 96 | F42: 14400 | G42: =F42 -> 14400 | H42: 46082
A43: 2 | B43: DOLLAR WORLD | C43: G0026 | D43: FALAKNAZ GROUP | E43: 144 | F43: 14400 | G43: =F43 -> 14400 | H43: 46082
B44: DOLLAR WORLD | C44: G0027 | D44: MUHAMMAD IMRAN | E44: 96 | F44: 9600 | G44: =F44 -> 9600 | H44: 46082
B45: DOLLAR WORLD | C45: G0028 | D45: HAMID ALI | E45: 96 | F45: 9600 | G45: =F45 -> 9600 | H45: 46082
B46: DOLLAR WORLD | C46: G0030 | D46: ASIM QURESHI | SAQIB QURESHI | E46: 96 | F46: 9600 | G46: =F46 -> 9600 | H46: 46082
B47: DOLLAR WORLD | C47: G0031 | D47: ASHFAQ AHMED SIDDIQUI | E47: 118 | F47: 11800 | G47: =F47 -> 11800 | H47: 46082
B48: DOLLAR WORLD | C48: G0032 | D48: ASHFAQ AHMED SIDDIQUI | E48: 118 | F48: 11800 | G48: =F48 -> 11800 | H48: 46082
B49: DOLLAR WORLD | C49: G0034 | D49: DANISH AHMED SIDDIQUI | E49: 96 | F49: 9600 | G49: =F49 -> 9600 | H49: 46082
B50: DOLLAR WORLD | C50: G0036 | D50: KAY KAY GROUP | E50: 96 | F50: 9600 | G50: =F50 -> 9600 | H50: 46082
B51: DOLLAR WORLD | C51: G0037 | D51: AZHAR ALI | E51: 96 | F51: 9600 | G51: =F51 -> 9600 | H51: 46082
B52: DOLLAR WORLD | C52: G0038 | D52: FALAKNAZ GROUP | E52: 144 | F52: 14400 | G52: =F52 -> 14400 | H52: 46082
A53: 3 | B53: NENDOS EXTENTION | C53: G0018 | D53: PROFESSIONAL MANAGEMENT | E53: 144 | F53: 28800 | G53: =F53 -> 28800 | H53: 46082
B54: NENDOS EXTENTION | C54: G0019 | D54: SYED RIZWAN HUSSAIN | E54: 98 | F54: 19600 | G54: =F54 -> 19600 | H54: 46082
B55: NENDOS EXTENTION | C55: G0020 | D55: SYED ASIF ALI | E55: 98 | F55: 19600 | G55: =F55 -> 19600 | H55: 46082
B56: NENDOS EXTENTION | C56: G0021 | D56: NIAZ AHMED | E56: 99 | F56: 19800 | G56: =F56 -> 19800 | H56: 46082
B57: NENDOS EXTENTION | C57: G0022 | D57: ISRAR AHMED | E57: 96 | F57: 19200 | G57: =F57 -> 19200 | H57: 46082
B58: NENDOS EXTENTION | C58: G0023 | D58: MUHAMMAD LAEEQ | E58: 96 | F58: 19200 | G58: =F58 -> 19200 | H58: 46082
B59: NENDOS EXTENTION | C59: G0025 | D59: SYED SAMMER ABBAS ZAIDI | E59: 147 | F59: 29400 | G59: =F59 -> 29400 | H59: 46082
B60: NENDOS EXTENTION | C60: G0040 | D60: PROFESSIONAL MANAGEMENT | E60: 147 | F60: 29400 | G60: =F60 -> 29400 | H60: 46082
B61: NENDOS EXTENTION | C61: G0041 | D61: MUHAMMAD ABID SALEEM UDDIN | E61: 99 | F61: 19800 | G61: =F61 -> 19800 | H61: 46082
B62: NENDOS EXTENTION | C62: G0043 | D62: PROFESSIONAL MANAGEMENT | E62: 192 | F62: 38400 | G62: =F62 -> 38400 | H62: 46082
B63: NENDOS EXTENTION | C63: G0044 | D63: FALAKNAZ GROUP | E63: 96 | F63: 19200 | G63: =F63 -> 19200 | H63: 46082
B64: NENDOS EXTENTION | C64: G0045 | D64: PROFESSIONAL MANAGEMENT | E64: 96 | F64: 19200 | G64: =F64 -> 19200 | H64: 46082
A65: 4 | B65: STYLE IN | C65: G0082 | D65: SYED SAIF UR REHMAN | E65: 96 | F65: 28800 | G65: =F65 -> 28800 | H65: 46082
A66: 5 | B66: BEMBENINE | C66: G0067 | D66: SOHAIL INTIZAR | E66: 96 | F66: 28800 | G66: 28800 | H66: 46082
B67: BEMBENINE | C67: G0068 | D67: MUHAMMAD RAFIQUE BURIRO | E67: 96 | F67: 28800 | G67: 28800 | H67: 46082
B68: BEMBENINE | C68: G0069 | D68: KAY KAY GROUP | E68: 99 | F68: 29700 | G68: 29700 | H68: 46082
B69: BEMBENINE | C69: G0071 | D69: KAY KAY GROUP | E69: 147 | F69: 44100 | G69: 44100 | H69: 46082
E71: =SUM(E42:E69) -> 3138
A72: TOTAL | F72: =SUM(F42:F69) -> 566200 | G72: =SUM(G42:G69) -> 566200

Sheet Sheet2
A2: LIST OF ALLOTTEES RENT CHEQUE APPROVAL SHEET
A3: S.NO | B3: DESCRCIPTION | C3: CHEQUE NO | D3: CHEQUE DATE | E3: BANK NAME | F3: AMOUNT
A4: 1 | B4: CHEQUE PAID TO ALLOTEE (RASHID HUSSAIN KHAN ) AGAINST SHOP RENT FOR THE MONTH OF JAN-2026(SHOP #G-59) | C4: 33394909 | E4: DUBAI ISLAMIC BANK | F4: 14400
A5: 2 | B5: CHEQUE PAID TO ALLOTEE (RASHID HUSSAIN KHAN ) AGAINST SHOP RENT FOR THE MONTH OF FEB-2026(SHOP #G-59) | C5: 33394910 | E5: DUBAI ISLAMIC BANK | F5: 14400
A6: 3 | B6: CHEQUE PAID TO ALLOTEE (ABDUL WALI) AGAINST SHOP RENT FOR THE MONTH OF JAN-2026(SHOP #G-60) | C6: 33394911 | E6: DUBAI ISLAMIC BANK | F6: 14400
A7: 4 | B7: CHEQUE PAID TO ALLOTEE (ABDUL WALI) AGAINST SHOP RENT FOR THE MONTH OF FEB-2026(SHOP #G-60) | C7: 33394912 | E7: DUBAI ISLAMIC BANK | F7: 14400
A8: 5 | B8: CHEQUE PAID TO ALLOTEE (TALAT ASHFAQ QURESHI) AGAINST SHOP RENT FOR THE MONTH OF FEB-2026(SHOP #G-50) | C8: 33394913 | D8: OK | E8: DUBAI ISLAMIC BANK | F8: 17280
A9: 6 | B9: CHEQUE PAID TO ALLOTEE (MUHAMMAD IMRAN) AGAINST SHOP RENT FOR THE MONTH OF JAN-2026(SHOP #G-27) | C9: 33394914 | E9: DUBAI ISLAMIC BANK | F9: 9600
A10: 7 | B10: CHEQUE PAID TO ALLOTEE (MUHAMMAD IMRAN) AGAINST SHOP RENT FOR THE MONTH OF FEB-2026(SHOP #G-27) | C10: 33394915 | E10: DUBAI ISLAMIC BANK | F10: 9600
A11: 8 | B11: CHEQUE PAID TO ALLOTEE (HAMID ALI ) AGAINST SHOP RENT FOR THE MONTH OF JAN-2026(SHOP #G-28) | C11: 33394916 | E11: DUBAI ISLAMIC BANK | F11: 9600
A12: 9 | B12: CHEQUE PAID TO ALLOTEE (HAMID ALI ) AGAINST SHOP RENT FOR THE MONTH OF FEB-2026(SHOP #G-28) | C12: 33394917 | E12: DUBAI ISLAMIC BANK | F12: 9600
A13: 10 | B13: CHEQUE PAID TO ALLOTEE (ASHFAQ AHMED SIDDIQUI ) AGAINST SHOP RENT FOR THE MONTH OF JAN-2026(SHOP #G-31) | C13: 33394918 | E13: DUBAI ISLAMIC BANK | F13: 11800
A14: 11 | B14: CHEQUE PAID TO ALLOTEE (ASHFAQ AHMED SIDDIQUI ) AGAINST SHOP RENT FOR THE MONTH OF FEB-2026(SHOP #G-31) | C14: 33394919 | E14: DUBAI ISLAMIC BANK | F14: 11800
A15: 12 | B15: CHEQUE PAID TO ALLOTEE (ASHFAQ AHMED SIDDIQUI ) AGAINST SHOP RENT FOR THE MONTH OF JAN-2026(SHOP #G-32) | C15: 33394920 | E15: DUBAI ISLAMIC BANK | F15: 11800
A16: 13 | B16: CHEQUE PAID TO ALLOTEE (ASHFAQ AHMED SIDDIQUI ) AGAINST SHOP RENT FOR THE MONTH OF FEB-2026(SHOP #G-32) | C16: 33394921 | E16: DUBAI ISLAMIC BANK | F16: 11800
A17: 14 | B17: CHEQUE PAID TO ALLOTEE (DANISH AHMED SIDDIQUI ) AGAINST SHOP RENT FOR THE MONTH OF JAN-2026(SHOP #G-34) | C17: 33394922 | D17: OK | E17: DUBAI ISLAMIC BANK | F17: 9600
A18: 15 | B18: CHEQUE PAID TO ALLOTEE (DANISH AHMED SIDDIQUI ) AGAINST SHOP RENT FOR THE MONTH OF FEB-2026(SHOP #G-34) | C18: 33394923 | D18: OK | E18: DUBAI ISLAMIC BANK | F18: 9600
A19: TOTAL AMOUNT | F19: =SUM(F4:F18) -> 179680
B26: PREPAID BY | D26: CHECKED BY
B33: VERIFIED BY | D33: APPROVED BY
A39: LIST OF ALLOTTEES RENT CHEQUE APPROVAL SHEET
A40: S.NO | B40: DESCRCIPTION | C40: CHEQUE NO | D40: CHEQUE DATE | E40: BANK NAME | F40: AMOUNT
A41: 1 | B41: CHEQUE PAID TO ALLOTEE (AZHAR ALI ) AGAINST SHOP RENT FOR THE MONTH OF JAN-2026(SHOP #G-37) | C41: 33394924 | E41: DUBAI ISLAMIC BANK | F41: 9600
A42: 2 | B42: CHEQUE PAID TO ALLOTEE (AZHAR ALI ) AGAINST SHOP RENT FOR THE MONTH OF FEB-2026(SHOP #G-37) | C42: 33394925 | E42: DUBAI ISLAMIC BANK | F42: 9600
A43: 3 | B43: CHEQUE PAID TO ALLOTEE (ASIM QURESHI /SAQIB QURESHI ) AGAINST SHOP RENT FOR THE MONTH OF JAN-2026(SHOP #G-30) | C43: 33394926 | E43: DUBAI ISLAMIC BANK | F43: 9600
A44: 4 | B44: CHEQUE PAID TO ALLOTEE (ASIM QURESHI /SAQIB QURESHI ) AGAINST SHOP RENT FOR THE MONTH OF FEB-2026(SHOP #G-30) | C44: 33394927 | E44: DUBAI ISLAMIC BANK | F44: 9600
A45: 5 | B45: CHEQUE PAID TO ALLOTEE (SOHAIL INTEZAR ) AGAINST SHOP RENT FOR THE MONTH OF JAN-2026(SHOP #G-67) | C45: 33394928 | E45: DUBAI ISLAMIC BANK | F45: 28800
A46: 6 | B46: CHEQUE PAID TO ALLOTEE (SOHAIL INTEZAR ) AGAINST SHOP RENT FOR THE MONTH OF FEB-2026(SHOP #G-67) | C46: 33394929 | E46: DUBAI ISLAMIC BANK | F46: 28800
A47: 7 | B47: CHEQUE PAID TO ALLOTEE (MUHAMMAD RAFIQUE BURIRO ) AGAINST SHOP RENT FOR THE MONTH OF JAN-2026(SHOP #G-68) | C47: 33394930 | E47: DUBAI ISLAMIC BANK | F47: 28800
A48: 8 | B48: CHEQUE PAID TO ALLOTEE (MUHAMMAD RAFIQUE BURIRO ) AGAINST SHOP RENT FOR THE MONTH OF FEB-2026(SHOP #G-68) | C48: 33394931 | E48: DUBAI ISLAMIC BANK | F48: 28800
A49: 9 | B49: CHEQUE PAID TO ALLOTEE (SYED RIZWAN HUSSAIN) AGAINST SHOP RENT FOR THE MONTH OF FEB-2026(SHOP #G-19) | C49: 33394932 | E49: DUBAI ISLAMIC BANK | F49: 19600
A50: 10 | B50: CHEQUE PAID TO ALLOTEE (SYED ASIF ALI ) AGAINST SHOP RENT FOR THE MONTH OF FEB-2026(SHOP #G-20) | C50: 33394933 | E50: DUBAI ISLAMIC BANK | F50: 19600
A51: 11 | B51: CHEQUE PAID TO ALLOTEE (NIAZ AHMED ) AGAINST SHOP RENT FOR THE MONTH OF FEB-2026(SHOP #G-21) | C51: 33394934 | E51: DUBAI ISLAMIC BANK | F51: 19800
A52: 12 | B52: CHEQUE PAID TO ALLOTEE (ISRAR AHMED ) AGAINST SHOP RENT FOR THE MONTH OF FEB-2026(SHOP #G-22) | C52: 33394935 | E52: DUBAI ISLAMIC BANK | F52: 19200
... A55: 15 | B55: CHEQUE PAID TO ALLOTEE (MUHAMMAD ABID SALEEM UDDIN ) AGAINST SHOP RENT FOR THE MONTH OF FEB-2026(SHOP #G-41) | C55: 33394938 | E55: DUBAI ISLAMIC BANK | F55: 19800
A56: TOTAL AMOUNT | F56: =SUM(F41:F55) -> 300200
B64: PREPAID BY | D64: CHECKED BY
B71: VERIFIED BY | D71: APPROVED BY
A83: LIST OF ALLOTTEES RENT CHEQUE APPROVAL SHEET
A84: S.NO | B84: DESCRCIPTION | C84: CHEQUE NO | D84: CHEQUE DATE | E84: BANK NAME | F84: AMOUNT
A85: 1 | B85: CHEQUE PAID TO ALLOTEE (PROFRSSIONAL MANAGMENT) AGAINST SHOP RENT FOR THE MONTH OF FEB-2026(SHOP #G-51) | C85: 33649726 | E85: DUBAI ISLAMIC BANK | F85: 17640
A86: 2 | B86: CHEQUE PAID TO ALLOTEE (PROFRSSIONAL MANAGMENT) AGAINST SHOP RENT FOR THE MONTH OF FEB-2026(SHOP #G-52) | C86: 33649727 | E86: DUBAI ISLAMIC BANK | F86: 17820
A87: 3 | B87: CHEQUE PAID TO ALLOTEE (PROFRSSIONAL MANAGMENT) AGAINST SHOP RENT FOR THE MONTH OF FEB-2026(SHOP #G-54) | C87: 33649728 | E87: DUBAI ISLAMIC BANK | F87: 26460
A88: 4 | B88: CHEQUE PAID TO ALLOTEE (PROFRSSIONAL MANAGMENT) AGAINST SHOP RENT FOR THE MONTH OF FEB-2026(SHOP #G-72) | C88: 33649729 | E88: DUBAI ISLAMIC BANK | F88: 26460
A89: 5 | B89: CHEQUE PAID TO ALLOTEE (FALAKNAZ GROUP) AGAINST SHOP RENT FOR THE MONTH OF FEB-2026(SHOP #G-73) | C89: 33649730 | E89: DUBAI ISLAMIC BANK | F89: 17820
A90: 6 | B90: CHEQUE PAID TO ALLOTEE (PROFESSIONAL MANAGMENT ) AGAINST SHOP RENT FOR THE MONTH OF FEB-2026(SHOP #G-74) | C90: 33649731 | E90: DUBAI ISLAMIC BANK | F90: 34560
A91: 7 | B91: CHEQUE PAID TO ALLOTEE (FALAKNAZ GROUP) AGAINST SHOP RENT FOR THE MONTH OF JAN-2026(SHOP #G-26) | C91: 33649732 | E91: DUBAI ISLAMIC BANK | F91: 14400
A92: 8 | B92: CHEQUE PAID TO ALLOTEE (FALAKNAZ GROUP ) AGAINST SHOP RENT FOR THE MONTH OF FEB-2026(SHOP #G-26) | C92: 33649733 | E92: DUBAI ISLAMIC BANK | F92: 14400
A93: 9 | B93: CHEQUE PAID TO ALLOTEE (KAY KAY GROUP ) AGAINST SHOP RENT FOR THE MONTH OF JAN-2026(SHOP #G-36) | C93: 33649734 | E93: DUBAI ISLAMIC BANK | F93: 9600
A94: 10 | B94: CHEQUE PAID TO ALLOTEE (KAY KAY GROUP ) AGAINST SHOP RENT FOR THE MONTH OF FEB-2026(SHOP #G-36) | C94: 33649735 | E94: DUBAI ISLAMIC BANK | F94: 9600
A95: TOTAL AMOUNT | F95: =SUM(F85:F94) -> 188760
B97: PREPAID BY | D97: CHECKED BY
B100: VERIFIED BY | D100: APPROVED BY
A103: LIST OF ALLOTTEES RENT CHEQUE APPROVAL SHEET
A104: S.NO | B104: DESCRCIPTION | C104: CHEQUE NO | D104: CHEQUE DATE | E104: BANK NAME | F104: AMOUNT
A105: 1 | B105: CHEQUE PAID TO ALLOTEE (FALAKNAZ GROUP ) AGAINST SHOP RENT FOR THE MONTH OF JAN-2026(SHOP #G-38) | C105: 33649736 | E105: DUBAI ISLAMIC BANK | F105: 14400
A106: 2 | B106: CHEQUE PAID TO ALLOTEE (FALAKNAZ GROUP ) AGAINST SHOP RENT FOR THE MONTH OF FEB-2026(SHOP #G-38) | C106: 33649737 | E106: DUBAI ISLAMIC BANK | F106: 14400
A107: 3 | B107: CHEQUE PAID TO ALLOTEE (KAY KAY GROUP ) AGAINST SHOP RENT FOR THE MONTH OF JAN-2026(SHOP #G-69) | C107: 33649738 | E107: DUBAI ISLAMIC BANK | F107: 29700
A108: 4 | B108: CHEQUE PAID TO ALLOTEE (KAY KAY GROUP ) AGAINST SHOP RENT FOR THE MONTH OF FEB-2026(SHOP #G-69) | C108: 33649739 | E108: DUBAI ISLAMIC BANK | F108: 29700
A109: 5 | B109: CHEQUE PAID TO ALLOTEE (KAY KAY GROUP ) AGAINST SHOP RENT FOR THE MONTH OF JAN-2026(SHOP #G-71) | C109: 33649740 | E109: DUBAI ISLAMIC BANK | F109: 44100
A110: 6 | B110: CHEQUE PAID TO ALLOTEE (KAY KAY GROUP ) AGAINST SHOP RENT FOR THE MONTH OF FEB-2026(SHOP #G-71) | C110: 33649741 | E110: DUBAI ISLAMIC BANK | F110: 44100
A111: 7 | B111: CHEQUE PAID TO ALLOTEE (PROFRSSIONAL MANAGMENT) AGAINST SHOP RENT FOR THE MONTH OF FEB-2026(SHOP #G-18) | C111: 33649742 | E111: DUBAI ISLAMIC BANK | F111: 28800
A112: 8 | B112: CHEQUE PAID TO ALLOTEE (PROFRSSIONAL MANAGMENT) AGAINST SHOP RENT FOR THE MONTH OF FEB-2026(SHOP #G-40) | C112: 33649743 | E112: DUBAI ISLAMIC BANK | F112: 29400
A113: 9 | B113: CHEQUE PAID TO ALLOTEE (PROFRSSIONAL MANAGMENT) AGAINST SHOP RENT FOR THE MONTH OF FEB-2026(SHOP #G-43) | C113: 33649744 | E113: DUBAI ISLAMIC BANK | F113: 38400
A114: 10 | B114: CHEQUE PAID TO ALLOTEE (FALAKNAZ GROUP ) AGAINST SHOP RENT FOR THE MONTH OF FEB-2026(SHOP #G-44) | C114: 33649745 | E114: DUBAI ISLAMIC BANK | F114: 19200
A115: 11 | B115: CHEQUE PAID TO ALLOTEE (PROFRSSIONAL MANAGMENT) AGAINST SHOP RENT FOR THE MONTH OF FEB-2026(SHOP #G-45) | C115: 33649746 | E115: DUBAI ISLAMIC BANK | F115: 19200
A116: TOTAL AMOUNT | F116: =SUM(F105:F115) -> 311400
B123: PREPAID BY | D123: CHECKED BY
B131: VERIFIED BY | D131: APPROVED BY
A146: LIST OF ALLOTTEES RENT CHEQUE APPROVAL SHEET
A147: S.NO | B147: DESCRCIPTION | C147: CHEQUE NO | D147: CHEQUE DATE | E147: BANK NAME | F147: AMOUNT
A148: 1 | B148: CHEQUE PAID TO ALLOTEE (ALIYA BEGUM ) AGAINST SHOP RENT FOR THE MONTH OF MARCH-2026 (SHOP #G-81) | C148: 33649747 | E148: DUBAI ISLAMIC BANK | F148: 14400
A149: 2 | B149: CHEQUE PAID TO ALLOTEE (MUHAMMAD IMRAN ) AGAINST SHOP RENT FOR THE MONTH OF MARCH-2026 (SHOP #G-27) | C149: 33649748 | E149: DUBAI ISLAMIC BANK | F149: 9600
A150: 3 | B150: CHEQUE PAID TO ALLOTEE (HAMID ALI ) AGAINST SHOP RENT FOR THE MONTH OF MARCH-2026 (SHOP #G-28) | C150: 33649749 | E150: DUBAI ISLAMIC BANK | F150: 9600
A151: 4 | B151: CHEQUE PAID TO ALLOTEE (ASIM QURESHI /SAQIB QURESHI) AGAINST SHOP RENT FOR THE MONTH OF MARCH-2026 (SHOP #G-30) | C151: 33649750 | E151: DUBAI ISLAMIC BANK | F151: 9600
A152: 5 | B152: CHEQUE PAID TO ALLOTEE (ASHFAQ AHMED SIDDIQUI ) AGAINST SHOP RENT FOR THE MONTH OF MARCH-2026 (SHOP #G-31) | C152: 33649751 | E152: DUBAI ISLAMIC BANK | F152: 11800
A153: 6 | B153: CHEQUE PAID TO ALLOTEE (ASHFAQ AHMED SIDDIQUE ) AGAINST SHOP RENT FOR THE MONTH OF MARCH-2026 (SHOP #G-32) | C153: 33649752 | E153: DUBAI ISLAMIC BANK | F153: 11800
A154: 7 | B154: CHEQUE PAID TO ALLOTEE (DANISH AHMED SIDDIQUE) AGAINST SHOP RENT FOR THE MONTH OF MARCH-2026 (SHOP #G-34) | C154: 33649753 | E154: DUBAI ISLAMIC BANK | F154: 9600
A155: 8 | B155: CHEQUE PAID TO ALLOTEE (AZHAR ALI ) AGAINST SHOP RENT FOR THE MONTH OF MARCH-2026 (SHOP #G-37) | C155: 33649754 | E155: DUBAI ISLAMIC BANK | F155: 9600
A156: 9 | B156: CHEQUE PAID TO ALLOTEE (SYED RIZWAN HUSSAIN) AGAINST SHOP RENT FOR THE MONTH OF MARCH-2026 (SHOP #G-19) | C156: 33649755 | E156: DUBAI ISLAMIC BANK | F156: 19600
A158: TOTAL AMOUNT | F158: =SUM(F148:F156) -> 105600
B167: PREPAID BY | D167: CHECKED BY
B175: VERIFIED BY | D175: APPROVED BY
A179: LIST OF ALLOTTEES RENT CHEQUE APPROVAL SHEET
A180: S.NO | B180: DESCRCIPTION | C180: CHEQUE NO | D180: CHEQUE DATE | E180: BANK NAME | F180: AMOUNT
A181: 1 | B181: CHEQUE PAID TO ALLOTEE (SYED ASIF ALI) AGAINST SHOP RENT FOR THE MONTH OF MARCH-2026 (SHOP #G-20) | C181: 33649756 | E181: DUBAI ISLAMIC BANK | F181: 19600
A182: 2 | B182: CHEQUE PAID TO ALLOTEE (NIAZ AHMED ) AGAINST SHOP RENT FOR THE MONTH OF MARCH-2026 (SHOP #G-21) | C182: 33649757 | E182: DUBAI ISLAMIC BANK | F182: 19800
A183: 3 | B183: CHEQUE PAID TO ALLOTEE (RIAZ AHMED ) AGAINST SHOP RENT FOR THE MONTH OF MARCH-2026 (SHOP #G-22) | C183: 33649758 | E183: DUBAI ISLAMIC BANK | F183: 19200
A184: 4 | B184: CHEQUE PAID TO ALLOTEE (MUHAMMAD LAEEQ ) AGAINST SHOP RENT FOR THE MONTH OF MARCH-2026 (SHOP #G-23) | C184: 33649759 | E184: DUBAI ISLAMIC BANK | F184: 19200
A185: 5 | B185: CHEQUE PAID TO ALLOTEE (SYED SAMEER ABBAS ZAIDI ) AGAINST SHOP RENT FOR THE MONTH OF MARCH-2026 (SHOP #G-25) | C185: 33649760 | E185: DUBAI ISLAMIC BANK | F185: 29400
A186: 6 | B186: CHEQUE PAID TO ALLOTEE (MUHAMMAD ABID SALEEM UDDIN) AGAINST SHOP RENT FOR THE MONTH OF MARCH-2026 (SHOP #G-41) | C186: 33649761 | E186: DUBAI ISLAMIC BANK | F186: 19800
A187: 7 | B187: CHEQUE PAID TO ALLOTEE (SYED SAIF UR REHMAN ) AGAINST SHOP RENT FOR THE MONTH OF MARCH-2026 (SHOP #G-82) | C187: 33649762 | E187: DUBAI ISLAMIC BANK | F187: 28800
A188: 8 | B188: CHEQUE PAID TO ALLOTEE (SOHAIL INTEZAR ) AGAINST SHOP RENT FOR THE MONTH OF MARCH-2026 (SHOP #G-67) | C188: 33649763 | E188: DUBAI ISLAMIC BANK | F188: 28800
A189: 9 | B189: CHEQUE PAID TO ALLOTEE (MUHAMMAD RAFIQUE BURIRO ) AGAINST SHOP RENT FOR THE MONTH OF MARCH-2026 (SHOP #G-68) | C189: 33649764 | E189: DUBAI ISLAMIC BANK | F189: 28800
A191: TOTAL AMOUNT | F191: =SUM(F181:F189) -> 213400
B202: PREPAID BY | D202: CHECKED BY
B210: VERIFIED BY | D210: APPROVED BY
A221: LIST OF ALLOTTEES RENT CHEQUE APPROVAL SHEET
A222: S.NO | B222: DESCRCIPTION | C222: CHEQUE NO | D222: CHEQUE DATE | E222: BANK NAME | F222: AMOUNT
A223: 1 | E223: DUBAI ISLAMIC BANK | F223: 0
...

Sheet ALLOTEE RENT PAYABLES
A2: BRAND SECURITY DEPOSIT AND ADVANCE RENT AND RENT DETAILS | S2: ALLOTEE RENT DETAILS
B3: S.NO | C3: BRAND NAME | D3: SHOP NO | E3: ALLOTEE NAME | F3: SQ.FT | G3: SECURITY DEPOSIT | H3: ADVANCE RENT DEPOSIT | I3: TOTAL SECURITY DEPOSIT AND ADVANCE RENT | J3: RENT MONTH OF DEC-2026 | K3: RENT MONTH OF JAN-2026 | L3: RENT MONTH OF FEB-2026 | M3: TOTAL ADVANCE RENT PAYABLE | N3: RENT MONTH OF MARCH-2026 | O3: RENT MONTH OF APRIL-2026 | P3: RENT MONTH OF MAY-2026 | Q3: RENT MONTH OF JUN-2026 | R3: TOTAL ADVANCE RENT PAYABLE | S3: ALLOTEE RENT PAYABLE DEC-2025 | T3: ALLOTEE RENT PAYABLE JAN-2026 | U3: ALLOTEE RENT PAYABLE FEB-2026 | V3: RENT PAID TO ALLOTEE | W3: TOTAL RENT PAYABLE TO ALLOTEE | X3: REMARKS | Y3: RENT START DATE
B4: 1 | C4: ELENOR | D4: G0081 | E4: ALIYA BEGUM | F4: 96 | G4: 56800 | H4: 43200 | I4: =SUM(G4:H4) -> 100000 | K4: 0 | L4: 14400 | M4: =C4-E4-F4-G4 -> #VALUE! | N4: 14400 | O4: 14400 | P4: 14400 | Q4: 14400 | R4: =H4-J4-K4-L4 -> 28800 | U4: 14400 | V4: 0 | W4: =S4+T4+U4-V4 -> 14400 | X4: RENT ADJUSTED IN ADVANCE RENT FROM FEB TO APR-2026 | Y4: ELENOR SHOP RENT CLEAR JUNE-26 SHOP CLOSE (ALLOTEE RENT PAID FEB-26 )
B5: 2 | C5: ZEHRA | D5: G006 | E5: KAY KAY GROUP | F5: 171.5 | G5: 0 | H5: 0 | I5: =SUM(G5:H5) -> 0 | J5: 34400 | K5: 34400 | L5: 34400 | S5: 34400 | T5: 34400 | U5: 34400 | V5: =S5+T5+U5 -> 103200 | W5: =S5+T5+U5-V5 -> 0 | X5: RENT AND SECURITY DEPOSIT IN PROFESSIONAL MANAGEMENT A/C | Y5: FROM DEC-2025
B6: 3 | C6: BIN NAZEER | D6: G0056 | E6: FALAKNAZ GROUP | F6: 147 | G6: 0 | H6: 0 | I6: =SUM(G6:H6) -> 0 | J6: =157*147 -> 23079 | K6: 23079 | L6: 23079 | S6: 23079 | T6: 23079 | U6: 23079 | V6: =S6+T6+U6 -> 69237 | W6: =S6+T6+U6-V6 -> 0 | X6: RENT AND SECURITY DEPOSIT IN PROFESSIONAL MANAGEMENT A/C | Y6: RENT START FROM APR-2025 & DEPOSITED INTO PM A/C
B7: 4 | C7: KISHWAR JAHAN | D7: G0057 | E7: FALAKNAZ GROUP | F7: 99 | G7: 29400 | H7: 29400 | I7: =G7+H7 -> 58800 | J7: 29400 | K7: 29400 | L7: 29400 | M7: 29400 | R7: 29400 | S7: 29400 | T7: 29400 | U7: 29400 | V7: =S7+T7+U7 -> 88200 | W7: =T7+S7+U7-V7 -> 0 | X7: RENT AND SECURITY DEPOSIT IN PROFESSIONAL MANAGEMENT A/C AS PER AGRREMENT | Y7: RENT START FROM APR-2025 & DEPOSITED INTO PM A/C
D8: G0058 | E8: FALAKNAZ GROUP | F8: 96
B9: 5 | C9: HRY JEWELLERS | D9: G0059 | E9: RASHID HUSSAIN KHAN | F9: 96 | G9: 58800 | H9: 58800 | I9: =SUM(G9:H10) -> 117600 | J9: 0 | K9: 29400 | L9: 29400 | M9: 58800 | R9: 58800 | S9: 0 | T9: =29400/2 -> 14700 | U9: =29400/2 -> 14700 | V9: 0 | W9: =T9+U9-V9 -> 29400 | X9: THIS SHOP IS PM BUT KAMPUS HAS RCVD SECURITY DEPOSIT AND ADVANCE RENT | Y9: RENT START FROM JAN-2026 RENT ADVANCE ADJUSTED TO FEB-26
D10: G0060 | E10: ABDUL WALI | F10: 96 | S10: 0 | T10: =29400/2 -> 14700 | U10: =29400/2 -> 14700 | V10: 0 | W10: =T10+U10-V10 -> 29400
B11: 6 | C11: SALMAN SAIF | D11: G0050 | E11: TALAT ASHFAQ QURESHI | F11: 96 | G11: 474120 | H11: 158040 | I11: =SUM(G11:H17) -> 632160 | K11: =F11*180 -> 17280 | L11: =F11*180 -> 17280 | M11: 0 | R11: 0 | U11: 17280 | W11: =S11+T11+U11-V11 -> 17280 | X11: RENT AND SECURITY DEPOSIT IN PROFESSIONAL MANAGEMENT A/C AS PER AGRREMENT | Y11: RENT START FROM FEB-2026 FEB-26 RENT KAMPUS CLEAR MARCH RENT PROFFESIONAL MANAGEMENT
D12: G0051 | E12: COMPANY SETLEMENT | F12: 98 | L12: =F12*180 -> 17640 | U12: 17640 | W12: =S12+T12+U12-V12 -> 17640
D13: G0052 | E13: COMPANY SETLEMENT | F13: 99 | L13: =F13*180 -> 17820 | U13: 17820 | W13: =S13+T13+U13-V13 -> 17820
D14: G0054 | E14: COMPANY SETLEMENT | F14: 147 | L14: =F14*180 -> 26460 | U14: 26460 | W14: =S14+T14+U14-V14 -> 26460
D15: G0072 | E15: COMPANY SETLEMENT | F15: 147 | L15: =F15*180 -> 26460 | U15: 26460 | W15: =S15+T15+U15-V15 -> 26460
D16: G0073 | E16: FALAKNAZ GROUP | F16: 99 | L16: =F16*180 -> 17820 | U16: 17820 | W16: =S16+T16+U16-V16 -> 17820
D17: G0074 | E17: COMPANY SETLEMENT | F17: 192 | K17: =192*180 -> 34560 | L17: =F17*180 -> 34560 | U17: 34560 | W17: =S17+T17+U17-V17 -> 34560
B18: 7 | C18: BOUTIQUE INN | D18: G0093 | E18: FALAKNAZ GROUP | F18: 110 | G18: 30900 | H18: 61800 | I18: =SUM(G18:H19) -> 92700 | J18: =150*110 -> 16500 | K18: =150*110 -> 16500 | L18: =150*110 -> 16500 | M18: 0 | R18: 0 | S18: =150*110 -> 16500 | T18: =150*110 -> 16500 | U18: =150*110 -> 16500 | W18: =S18+T18+U18-V18 -> 49500 | X18: RENT AND SECURITY DEPOSIT IN PROFESSIONAL MANAGEMENT A/C | Y18: RENT WILL BE START FROM 01ST FEB-2025
D19: G0094 | E19: KHALIL AHMED | F19: 96 | J19: =150*96 -> 14400 | K19: =150*96 -> 14400 | L19: =150*96 -> 14400 | M19: 0 | R19: 0 | S19: =150*96 -> 14400 | T19: =150*96 -> 14400 | U19: =150*96 -> 14400 | W19: =S19+T19+U19-V19 -> 43200
B20: 8 | C20: AFSHAN JEWELLERS | D20: G0066 | E20: FALAKNAZ GROUP | F20: 99 | G20: 62748 | H20: 41832 | I20: =SUM(G20:H20) -> 104580 | J20: 20916 | K20: 20916 | L20: 20916 | M20: 0 | R20: 0 | S20: 20916 | T20: 20916 | U20: 20916 | W20: =S20+T20+U20-V20 -> 62748 | X20: RENT AND SECURITY DEPOSIT IN PROFESSIONAL MANAGEMENT A/C | Y20: RENT WILL BE START FROM 10TH APR-2025
B21: 9 | C21: BEMBENINE | D21: G0067 | E21: SOHAIL INTIZAR | F21: 96 | G21: =90000+300000+4200 -> 394200 | H21: 262800 | I21: =SUM(G21:H24) -> 657000 | K21: 131400 | L21: 131400 | M21: =C21-F21-G21 -> #VALUE! | R21: =H21-K21-L21 -> 0 | U21: =300*96 -> 28800 | V21: 0 | W21: =S21+T21+U21-V21 -> 28800 | X21: RENT ADJUSTED IN ADVANCE RENT FROM JAN TO FEB-2026 | Y21: RENT START FROM JAN-2026
B22: 10 | D22: G0068 | E22: MUHAMMAD RAFIQUE BURIRO | F22: 96 | U22: =300*96 -> 28800 | V22: 0 | W22: =S22+T22+U22-V22 -> 28800
B23: 11 | D23: G0069 | E23: KAY KAY GROUP | F23: 99 | U23: =300*99 -> 29700 | V23: 0 | W23: =S23+T23+U23-V23 -> 29700
B24: 12 | D24: G0071 | E24: KAY KAY GROUP | F24: 147 | U24: =300*147 -> 44100 | V24: 0 | W24: =S24+T24+U24-V24 -> 44100
B25: 13 | C25: CUTE KIDS | D25: G0089 | E25: KAY KAY GROUP | F25: 291 | G25: 196830 | H25: 196830 | I25: =SUM(G25:H25) -> 393660 | K25: 65610 | L25: 65610 | M25: =C25 -> CUTE KIDS | R25: =H25 -> 196830 | T25: 65610 | U25: 65610 | V25: 65610 | W25: =T25+U25-V25 -> 65610 | Y25: RENT START FROM JAN-2026
B26: 14 | C26: SCENTIAGO | D26: G0090 | E26: FALAKNAZ GROUP | F26: 99 | G26: 86400 | H26: 86400 | I26: =SUM(G26:H26) -> 172800 | K26: 14400 | L26: 14400 | T26: 14400 | U26: 14400 | V26: =14400*2 -> 28800 | W26: =S26+T26+U26-V26 -> 0 | X26: PROFESSIONAL MANAGEMENT | Y26: RENT START FROM 01 FEB-2025
B27: 15 | C27: NENDOS EXTENTION | D27: G0018 | E27: COMPANY SETLEMENT | F27: 144 | G27: 844800 | H27: 844800 | I27: =SUM(G27:H27) -> 1689600 | L27: =200*F27 -> 28800 | M27: =844800-281600 -> 563200 | R27: =844800-281600 -> 563200 | U27: 28800 | W27: =S27+T27+U27-V27 -> 28800 | X27: FEB,MAR AND RENT WILL BE ADJUSTED IN ADVANCE RENT | Y27: RENT START FROM 01ST FEB-2026
B28: 16 | D28: G0019 | E28: SYED RIZWAN HUSSAIN | F28: 98 | L28: =200*F28 -> 19600 | U28: 19600 | W28: =S28+T28+U28-V28 -> 19600
B29: 17 | D29: G0020 | E29: SYED ASIF ALI | F29: 98 | L29: =200*F29 -> 19600 | U29: 19600 | W29: =S29+T29+U29-V29 -> 19600
B30: 18 | D30: G0021 | E30: NIAZ AHMED | F30: 99 | L30: =200*F30 -> 19800 | U30: 19800 | W30: =S30+T30+U30-V30 -> 19800
B31: 19 | D31: G0022 | E31: ISRAR AHMED | F31: 96 | L31: =200*F31 -> 19200 | U31: 19200 | W31: =S31+T31+U31-V31 -> 19200
B32: 20 | D32: G0023 | E32: MUHAMMAD LAEEQ | F32: 96 | L32: =200*F32 -> 19200 | U32: 19200 | W32: =S32+T32+U32-V32 -> 19200
B33: 21 | D33: G0025 | E33: SYED SAMMER ABBAS ZAIDI | F33: 147 | L33: =200*F33 -> 29400 | U33: 29400 | W33: =S33+T33+U33-V33 -> 29400
B34: 22 | D34: G0040 | E34: COMPANY SETLEMENT | F34: 147 | L34: =200*F34 -> 29400 | U34: 29400 | W34: =S34+T34+U34-V34 -> 29400
B35: 23 | D35: G0041 | E35: MUHAMMAD ABID SALEEM UDDIN | F35: 99 | L35: =200*F35 -> 19800 | U35: 19800 | W35: =S35+T35+U35-V35 -> 19800
B36: 24 | D36: G0043 | E36: COMPANY SETLEMENT | F36: 192 | L36: =200*F36 -> 38400 | U36: 38400 | W36: =S36+T36+U36-V36 -> 38400
B37: 25 | D37: G0044 | E37: FALAKNAZ GROUP | F37: 96 | L37: =200*F37 -> 19200 | U37: 19200 | W37: =S37+T37+U37-V37 -> 19200
B38: 26 | D38: G0045 | E38: COMPANY SETLEMENT | F38: 96 | L38: =200*F38 -> 19200 | U38: 19200 | W38: =S38+T38+U38-V38 -> 19200
B39: 27 | C39: LINGREE STUDIO | D39: G085 | F39: 96 | G39: 40320 | H39: 40320 | I39: =SUM(G39:H39) -> 80640 | J39: 20160 | K39: =210*96 -> 20160 | L39: =210*96 -> 20160 | M39: 0 | R39: 0 | W39: =S39+T39+U39-V39 -> 0 | X39: SHOP CLOSED | Y39: RENT START FROM 01ST AUG-2025
B40: 28 | C40: STYLE IN | D40: G0082 | E40: SYED SAIF UR REHMAN | F40: 96 | G40: 86400 | H40: 28800 | I40: =SUM(G40:H40) -> 115200 | J40: 0 | K40: 0 | L40: 28800 | M40: =C40-E40 -> #VALUE! | R40: =H40-J40 -> 28800 | S40: 0 | T40: 0 | U40: 28800 | W40: =S40+T40+U40-V40 -> 28800 | Y40: RENT START FROM DEC-2025
B41: 29 | C41: ZUMS CREATION | D41: UG 203 | F41: 119 | G41: 104300 | H41: 35700 | I41: =SUM(G41:H41) -> 140000 | M41: 0 | R41: 0 | W41: =S41+T41+U41-V41 -> 0 | AA41: =28800/96 -> 300
B42: 30 | C42: DOLLAR WORLD | D42: G0026 | E42: FALAKNAZ GROUP | F42: 144 | G42: 180000 | H42: 220000 | I42: =SUM(G42:H51) -> 400000 | K42: =100*144 -> 14400 | L42: =100*144 -> 14400 | M42: =SUM(K42:L51) -> 220000 | N42: =100*144 -> 14400 | O42: =100*144 -> 14400 | T42: 14400 | U42: 14400 | W42: =S42+T42+U42-V42 -> 28800 | X42: SHOP NO#G0026,G0036 AND G0038 ARE PROFEESIONAL MANAGEMENT SHOPS | Y42: RENT START FROM JAN TO FEB-26 ADJUSTED TO ADVANCE RENT
D43: G0027 | E43: MUHAMMAD IMRAN | F43: 96 | K43: 9600 | L43: 9600 | N43: 9600 | O43: 9600 | T43: 9600 | U43: 10208 | W43: =S43+T43+U43-V43 -> 19808
D44: G0028 | E44: HAMID ALI | F44: 96 | K44: 9600 | L44: 9600 | N44: 9600 | O44: 9600 | T44: 9600 | U44: 10208 | W44: =S44+T44+U44-V44 -> 19808
D45: G0030 | E45: ASIM QURESHI | SAQIB QURESHI | F45: 96 | K45: 9600 | L45: 9600 | N45: 9600 | O45: 9600 | T45: =100*102.08 -> 10208 | U45: 10208 | W45: =S45+T45+U45-V45 -> 20416
D46: G0031 | E46: ASHFAQ AHMED SIDDIQUI | F46: 118 | K46: 11800 | L46: 11800 | N46: 11800 | O46: 11800 | T46: =100*102.08 -> 10208 | U46: 10208 | W46: =S46+T46+U46-V46 -> 20416
D47: G0032 | E47: ASHFAQ AHMED SIDDIQUI | F47: 118 | K47: 11800 | L47: 11800 | N47: 11800 | O47: 11800 | T47: =100*102.08 -> 10208 | U47: 10208 | W47: =S47+T47+U47-V47 -> 20416
D48: G0034 | E48: DANISH AHMED SIDDIQUI | F48: 96 | K48: 9600 | L48: 9600 | N48: 9600 | O48: 9600 | T48: =100*102.08 -> 10208 | U48: 10208 | W48: =S48+T48+U48-V48 -> 20416
D49: G0036 | E49: KAY KAY GROUP | F49: 96 | K49: 9600 | L49: 9600 | N49: 9600 | O49: 9600 | T49: =100*98 -> 9800 | U49: 9800 | V49: 9800 | W49: =S49+T49+U49-V49 -> 9800
D50: G0037 | E50: AZHAR ALI | F50: 96 | K50: 9600 | L50: 9600 | N50: 9600 | O50: 9600 | T50: =100*102.08 -> 10208 | U50: 10208 | W50: =S50+T50+U50-V50 -> 20416
D51: G0038 | E51: FALAKNAZ GROUP | F51: 144 | K51: 14400 | L51: 14400 | N51: 14400 | O51: 14400 | T51: =100*150.06 -> 15006 | U51: 15006 | W51: =S51+T51+U51-V51 -> 30012
B52: TOTAL | G52: =SUM(G4:G51) -> 2646018 | H52: =SUM(H4:H51) -> 2108722 | I52: =SUM(I4:I51) -> 4754740 | J52: =SUM(J4:J51) -> 158855 | K52: =SUM(K4:K51) -> 561505 | L52: =SUM(L4:L51) -> 992505 | M52: =SUM(M4:M51) -> #VALUE! | N52: =SUM(N4:N51) -> 124400 | ... W52: =SUM(W4:W51) -> 1104406
B58: ALLOTEE RENT PAYABLE DETAILS
B59: S.NO | C59: BRAND NAME | D59: SHOP NO | E59: SQ.FT | F59: KAMPUS RENT | K59: SECURITY DEPOSIT | U59: REMARKS
B60: 1 | C60: BACHA CAR RIDES | D60: KIOSK | F60: 20000 | K60: 100000
B61: 2 | C61: BACHA PARTY CORNS | D61: KIOSK | F61: 30000 | K61: 90000
B62: 3 | C62: SANA SWEETS CORN | D62: KIOSK#3 | E62: 6X5 FT | F62: 50000 | K62: 150000
B63: 4 | C63: ELEGANCIA (OSAMA) | D63: KIOSK NO 5 | E63: 8X9 FT | F63: 30000 | K63: 120000
B64: 5 | C64: N\S SCENTIQUE | D64: KIOSK 2 | E64: 4X6 FEET | F64: 15000 | K64: 50000
B65: 6 | C65: Scoop & Smile | D65: KIOSK NO 4 | E65: 8X8 FEET | F65: 35000 | K65: 105000
B66: 7 | C66: THE TIE STORE | D66: KISOSK 1 | E66: 7X10 FEET | F66: 25000 | K66: 45000
B67: 8 | C67: TURK STATION | D67: KISOSK 3 | E67: 5x8 FEET | F67: 50000 | K67: 100000
B68: 7 | C68: GEMPORIUM (KIOSK) | D68: BLOCK 2 | F68: 8X8 FEET | G68: 30000 | H68: 15000 | K68: 15000 | W68: =S68+T68+U68-V68 -> 0
B69: TOTAL | F69: =SUM(F60:F67) -> 255000 | K69: =SUM(K60:K67) -> 760000

Sheet Sheet1
A1: BRAND SECURITY DEPOSIT AND ADVANCE RENT AND RENT DETAILS | R1: ALLOTEE RENT DETAILS
B2: S.NO | C2: BRAND NAME | D2: SHOP NO | E2: ALLOTEE NAME | F2: SQ.FT | G2: SECURITY DEPOSIT | H2: ADVANCE RENT DEPOSIT | I2: TOTAL SECURITY DEPOSIT AND ADVANCE RENT | J2: RENT MONTH OF DEC-2026 | K2: RENT MONTH OF JAN-2026 | L2: RENT MONTH OF FEB-2026 | M2: RENT MONTH OF MARCH-2026 | N2: RENT MONTH OF APRIL-2026 | O2: RENT MONTH OF MAY-2026 | P2: RENT MONTH OF JUN-2026 | Q2: TOTAL ADVANCE RENT PAYABLE | R2: ALLOTEE RENT PAYABLE DEC-2025 | S2: ALLOTEE RENT PAYABLE JAN-2026 | T2: ALLOTEE RENT PAYABLE FEB-2026 | U2: ALLOTEE RENT PAYABLE MARCH-2026 | V2: ALLOTEE RENT PAYABLE APRIL-2026 | W2: RENT PAID TO ALLOTEE | X2: TOTAL RENT PAYABLE TO ALLOTEE | Y2: REMARKS | Z2: RENT START DATE
B3: 1 | C3: ELENOR | D3: G0081 | E3: ALIYA BEGUM | F3: 96 | G3: =56800 -> 56800 | H3: 43200 | I3: =SUM(G3:H3) -> 100000 | K3: 0 | L3: 14400 | M3: 14400 | N3: 14400 | O3: 14400 | P3: 14400 | Q3: =SUM(P3+O3+N3+M3+L3) -> 72000 | T3: 14400 | U3: 14400 | V3: 14400 | W3: 144000 | X3: =U3+V3 -> 28800 | Y3: RENT ADJUSTED IN ADVANCE RENT FROM FEB TO APR-2026 | Z3: ELENOR SHOP RENT CLEAR JUNE-26 SHOP CLOSE (ALLOTEE RENT PAID FEB-26 )
B4: 2 | C4: ZEHRA | D4: G006 | E4: KAY KAY GROUP | F4: 171.5 | G4: 0 | H4: 0 | I4: =SUM(G4:H4) -> 0 | J4: 34400 | K4: 34400 | L4: 34400 | R4: 34400 | S4: 34400 | T4: 34400 | W4: =R4+S4+T4 -> 103200 | X4: =R4+S4+T4-W4 -> 0 | Y4: RENT AND SECURITY DEPOSIT IN PROFESSIONAL MANAGEMENT A/C | Z4: FROM DEC-2025
B5: 3 | C5: BIN NAZEER | D5: G0056 | E5: FALAKNAZ GROUP | F5: 147 | G5: 0 | H5: 0 | I5: =SUM(G5:H5) -> 0 | J5: =157*147 -> 23079 | K5: 23079 | L5: 23079 | R5: 23079 | S5: 23079 | T5: 23079 | W5: =R5+S5+T5 -> 69237 | X5: =R5+S5+T5-W5 -> 0 | Y5: RENT AND SECURITY DEPOSIT IN PROFESSIONAL MANAGEMENT A/C | Z5: RENT START FROM APR-2025 & DEPOSITED INTO PM A/C
B6: 4 | C6: KISHWAR JAHAN | D6: G0057 | E6: FALAKNAZ GROUP | F6: 99 | G6: 29400 | H6: 29400 | I6: =G6+H6 -> 58800 | J6: 29400 | K6: 29400 | L6: 29400 | Q6: 29400 | R6: 29400 | S6: 29400 | T6: 29400 | W6: =R6+S6+T6 -> 88200 | X6: =S6+R6+T6-W6 -> 0 | Y6: RENT AND SECURITY DEPOSIT IN PROFESSIONAL MANAGEMENT A/C AS PER AGRREMENT | Z6: RENT START FROM APR-2025 & DEPOSITED INTO PM A/C
D7: G0058 | E7: FALAKNAZ GROUP | F7: 96
B8: 5 | C8: HRY JEWELLERS | D8: G0059 | E8: RASHID HUSSAIN KHAN | F8: 96 | G8: 58800 | H8: 58800 | I8: =SUM(G8:H9) -> 117600 | J8: 0 | K8: 29400 | L8: 29400 | Q8: 58800 | R8: 0 | S8: =29400/2 -> 14700 | T8: =29400/2 -> 14700 | W8: =T8+S8 -> 29400 | X8: =S8+T8-W8 -> 0 | Y8: THIS SHOP IS PM BUT KAMPUS HAS RCVD SECURITY DEPOSIT AND ADVANCE RENT | Z8: RENT START FROM JAN-2026 RENT ADVANCE ADJUSTED TO FEB-26
D9: G0060 | E9: ABDUL WALI | F9: 96 | R9: 0 | S9: =29400/2 -> 14700 | T9: =29400/2 -> 14700 | W9: =T9+S9 -> 29400 | X9: =S9+T9-W9 -> 0
B10: 6 | C10: SALMAN SAIF | D10: G0050 | E10: TALAT ASHFAQ QURESHI | F10: 96 | G10: 474120 | H10: 158040 | I10: =SUM(G10:H16) -> 632160 | K10: =F10*180 -> 17280 | L10: =F10*180 -> 17280 | Q10: 0 | T10: 17280 | X10: =R10+S10+T10-W10 -> 17280 | Y10: RENT AND SECURITY DEPOSIT IN PROFESSIONAL MANAGEMENT A/C AS PER AGRREMENT | Z10: RENT START FROM FEB-2026 FEB-26 RENT KAMPUS CLEAR MARCH RENT PROFFESIONAL MANAGEMENT
D11: G0051 | E11: COMPANY SETLEMENT | F11: 98 | K11: 17640 | L11: =F11*180 -> 17640 | T11: 17640 | X11: =R11+S11+T11-W11 -> 17640
D12: G0052 | E12: COMPANY SETLEMENT | F12: 99 | K12: 17820 | L12: =F12*180 -> 17820 | T12: 17820 | X12: =R12+S12+T12-W12 -> 17820
D13: G0054 | E13: COMPANY SETLEMENT | F13: 147 | K13: 26460 | L13: =F13*180 -> 26460 | T13: 26460 | X13: =R13+S13+T13-W13 -> 26460
D14: G0072 | E14: COMPANY SETLEMENT | F14: 147 | K14: 26460 | L14: =F14*180 -> 26460 | T14: 26460 | X14: =R14+S14+T14-W14 -> 26460
D15: G0073 | E15: FALAKNAZ GROUP | F15: 99 | K15: 17820 | L15: =F15*180 -> 17820 | T15: 17820 | X15: =R15+S15+T15-W15 -> 17820
D16: G0074 | E16: COMPANY SETLEMENT | F16: 192 | K16: =192*180 -> 34560 | L16: =F16*180 -> 34560 | T16: 34560 | X16: =R16+S16+T16-W16 -> 34560
B17: 7 | C17: BOUTIQUE INN | D17: G0093 | E17: FALAKNAZ GROUP | F17: 110 | G17: 30900 | H17: 61800 | I17: =SUM(G17:H18) -> 92700 | J17: =150*110 -> 16500 | K17: =150*110 -> 16500 | L17: =150*110 -> 16500 | Q17: 0 | R17: =150*110 -> 16500 | S17: =150*110 -> 16500 | T17: =150*110 -> 16500 | X17: =R17+S17+T17-W17 -> 49500 | Y17: RENT AND SECURITY DEPOSIT IN PROFESSIONAL MANAGEMENT A/C | Z17: RENT WILL BE START FROM 01ST FEB-2025
D18: G0094 | E18: KHALIL AHMED | F18: 96 | J18: =150*96 -> 14400 | K18: =150*96 -> 14400 | L18: =150*96 -> 14400 | Q18: 0 | R18: =150*96 -> 14400 | S18: =150*96 -> 14400 | T18: =150*96 -> 14400 | X18: =R18+S18+T18-W18 -> 43200
B19: 8 | C19: AFSHAN JEWELLERS | D19: G0066 | E19: FALAKNAZ GROUP | F19: 99 | G19: 62748 | H19: 41832 | I19: =SUM(G19:H19) -> 104580 | J19: 20916 | K19: 20916 | L19: 20916 | Q19: 0 | R19: 20916 | S19: 20916 | T19: 20916 | X19: =R19+S19+T19-W19 -> 62748 | Y19: RENT AND SECURITY DEPOSIT IN PROFESSIONAL MANAGEMENT A/C | Z19: RENT WILL BE START FROM 10TH APR-2025
B20: 9 | C20: BEMBENINE | D20: G0067 | E20: SOHAIL INTIZAR | F20: 96 | G20: =90000+300000+4200 -> 394200 | H20: 262800 | I20: =SUM(G20:H23) -> 657000 | K20: 131400 | L20: 131400 | M20: 131400 | Q20: =H20-K20-L20 -> 0 | S20: =300*96 -> 28800 | T20: =300*96 -> 28800 | U20: =300*96 -> 28800 | W20: 0 | X20: =S20+T20+U20 -> 86400 | Y20: RENT ADJUSTED IN ADVANCE RENT FROM JAN TO FEB-2026 | Z20: RENT START FROM JAN-2026 TO FEB ADVANCE RENT (MARCH RENT START)
B21: 10 | D21: G0068 | E21: MUHAMMAD RAFIQUE BURIRO | F21: 96 | S21: =300*96 -> 28800 | T21: =300*96 -> 28800 | U21: =300*96 -> 28800 | W21: 0 | X21: =S21+T21+U21 -> 86400
B22: 11 | D22: G0069 | E22: KAY KAY GROUP | F22: 99 | S22: =300*99 -> 29700 | T22: =300*99 -> 29700 | U22: =300*99 -> 29700 | W22: 0 | X22: =S22+T22+U22 -> 89100
B23: 12 | D23: G0071 | E23: KAY KAY GROUP | F23: 147 | S23: =300*147 -> 44100 | T23: =300*147 -> 44100 | U23: =300*147 -> 44100 | W23: 0 | X23: =S23+T23+U23 -> 132300
B24: 13 | C24: CUTE KIDS | D24: G0089 | E24: KAY KAY GROUP | F24: 291 | G24: 196830 | H24: 196830 | I24: =SUM(G24:H24) -> 393660 | K24: 65610 | L24: 65610 | Q24: =H24 -> 196830 | S24: 65610 | T24: 65610 | W24: 65610 | X24: =S24+T24-W24 -> 65610 | Z24: RENT START FROM JAN-2026
B25: 14 | C25: SCENTIAGO | D25: G0090 | E25: FALAKNAZ GROUP | F25: 99 | G25: 86400 | H25: 86400 | I25: =SUM(G25:H25) -> 172800 | K25: 14400 | L25: 14400 | S25: 14400 | T25: 14400 | W25: =14400*2 -> 28800 | X25: =R25+S25+T25-W25 -> 0 | Y25: PROFESSIONAL MANAGEMENT | Z25: RENT START FROM 01 FEB-2025
B26: 15 | C26: NENDOS EXTENTION | D26: G0018 | E26: COMPANY SETLEMENT | F26: 144 | G26: 844800 | H26: 844800 | I26: =SUM(G26:H26) -> 1689600 | L26: =200*F26 -> 28800 | M26: 28800 | N26: 28800 | Q26: =844800-281600 -> 563200 | T26: 28800 | U26: 28800 | V26: 28800 | X26: =V26+U26+T26 -> 86400 | Y26: FEB,MAR AND RENT WILL BE ADJUSTED IN ADVANCE RENT | Z26: RENT START FROM 01ST FEB-2026MARCH APRIL ADJYSTED ADVANCE RENT
B27: 16 | D27: G0019 | E27: SYED RIZWAN HUSSAIN | F27: 98 | L27: =200*F27 -> 19600 | M27: 19600 | N27: 19600 | T27: 19600 | U27: 19600 | V27: 19600 | X27: =V27+U27+T27 -> 58800
B28: 17 | D28: G0020 | E28: SYED ASIF ALI | F28: 98 | L28: =200*F28 -> 19600 | M28: 19600 | N28: 19600 | T28: 19600 | U28: 19600 | V28: 19600 | X28: =V28+U28+T28 -> 58800
B29: 18 | D29: G0021 | E29: NIAZ AHMED | F29: 99 | L29: =200*F29 -> 19800 | M29: 19800 | N29: 19800 | T29: 19800 | U29: 19800 | V29: 19800 | X29: =V29+U29+T29 -> 59400
B30: 19 | D30: G0022 | E30: ISRAR AHMED | F30: 96 | L30: =200*F30 -> 19200 | M30: 19200 | N30: 19200 | T30: 19200 | U30: 19200 | V30: 19200 | X30: =V30+U30+T30 -> 57600
B31: 20 | D31: G0023 | E31: MUHAMMAD LAEEQ | F31: 96 | L31: =200*F31 -> 19200 | M31: 19200 | N31: 19200 | T31: 19200 | U31: 19200 | V31: 19200 | X31: =V31+U31+T31 -> 57600
B32: 21 | D32: G0025 | E32: SYED SAMMER ABBAS ZAIDI | F32: 147 | L32: =200*F32 -> 29400 | M32: 29400 | N32: 29400 | T32: 29400 | U32: 29400 | V32: 29400 | X32: =V32+U32+T32 -> 88200
B33: 22 | D33: G0040 | E33: COMPANY SETLEMENT | F33: 147 | L33: =200*F33 -> 29400 | M33: 29400 | N33: 29400 | T33: 29400 | U33: 29400 | V33: 29400 | X33: =V33+U33+T33 -> 88200
B34: 23 | D34: G0041 | E34: MUHAMMAD ABID SALEEM UDDIN | F34: 99 | L34: =200*F34 -> 19800 | M34: 19800 | N34: 19800 | T34: 19800 | U34: 19800 | V34: 19800 | X34: =V34+U34+T34 -> 59400
B35: 24 | D35: G0043 | E35: COMPANY SETLEMENT | F35: 192 | L35: =200*F35 -> 38400 | M35: 38400 | N35: 38400 | T35: 38400 | U35: 38400 | V35: 38400 | X35: =V35+U35+T35 -> 115200
B36: 25 | D36: G0044 | E36: FALAKNAZ GROUP | F36: 96 | L36: =200*F36 -> 19200 | M36: 19200 | N36: 19200 | T36: 19200 | U36: 19200 | V36: 19200 | X36: =V36+U36+T36 -> 57600
B37: 26 | D37: G0045 | E37: COMPANY SETLEMENT | F37: 96 | L37: =200*F37 -> 19200 | M37: 19200 | N37: 19200 | T37: 19200 | U37: 19200 | V37: 19200 | X37: =V37+U37+T37 -> 57600
B38: 27 | C38: LINGREE STUDIO | D38: G085 | F38: 96 | G38: 40320 | H38: 40320 | I38: =SUM(G38:H38) -> 80640 | J38: 20160 | K38: =210*96 -> 20160 | L38: =210*96 -> 20160 | Q38: 0 | X38: =R38+S38+T38-W38 -> 0 | Y38: SHOP CLOSED | Z38: RENT START FROM 01ST AUG-2025
B39: 28 | C39: STYLE IN | D39: G0082 | E39: SYED SAIF UR REHMAN | F39: 96 | G39: 86400 | H39: 28800 | I39: =SUM(G39:H39) -> 115200 | J39: 0 | K39: 0 | L39: 28800 | Q39: =H39-J39 -> 28800 | R39: 0 | S39: 0 | T39: 28800 | X39: =R39+S39+T39-W39 -> 28800 | Z39: RENT START FROM DEC-2025
B40: 29 | C40: ZUMS CREATION | D40: UG 203 | F40: 119 | G40: 104300 | H40: 35700 | I40: =SUM(G40:H40) -> 140000 | Q40: 0 | X40: =R40+S40+T40-W40 -> 0
B41: 30 | C41: DOLLAR WORLD | D41: G0026 | E41: FALAKNAZ GROUP | F41: 144 | G41: 180000 | H41: 220000 | I41: =SUM(G41:H50) -> 400000 | K41: =100*144 -> 14400 | L41: =100*144 -> 14400 | M41: =100*144 -> 14400 | N41: =100*144 -> 14400 | Q41: =SUM(M41:N50) -> 220000 | S41: 14400 | T41: 14400 | X41: =R41+S41+T41-W41 -> 28800 | Y41: SHOP NO#G0026,G0036 AND G0038 ARE PROFEESIONAL MANAGEMENT SHOPS | Z41: RENT START FROM JAN TO FEB-26 ADJUSTED TO ADVANCE RENT
D42: G0027 | E42: MUHAMMAD IMRAN | F42: 96 | K42: 9600 | L42: 9600 | M42: 9600 | N42: 9600 | S42: 9600 | T42: 10208 | X42: =R42+S42+T42-W42 -> 19808
D43: G0028 | E43: HAMID ALI | F43: 96 | K43: 9600 | L43: 9600 | M43: 9600 | N43: 9600 | S43: 9600 | T43: 10208 | X43: =R43+S43+T43-W43 -> 19808
D44: G0030 | E44: ASIM QURESHI | SAQIB QURESHI | F44: 96 | K44: 9600 | L44: 9600 | M44: 9600 | N44: 9600 | S44: =100*102.08 -> 10208 | T44: 10208 | X44: =R44+S44+T44-W44 -> 20416
D45: G0031 | E45: ASHFAQ AHMED SIDDIQUI | F45: 118 | K45: 11800 | L45: 11800 | M45: 11800 | N45: 11800 | S45: =100*102.08 -> 10208 | T45: 10208 | X45: =R45+S45+T45-W45 -> 20416
D46: G0032 | E46: ASHFAQ AHMED SIDDIQUI | F46: 118 | K46: 11800 | L46: 11800 | M46: 11800 | N46: 11800 | S46: =100*102.08 -> 10208 | T46: 10208 | X46: =R46+S46+T46-W46 -> 20416
D47: G0034 | E47: DANISH AHMED SIDDIQUI | F47: 96 | K47: 9600 | L47: 9600 | M47: 9600 | N47: 9600 | S47: =100*102.08 -> 10208 | T47: 10208 | X47: =R47+S47+T47-W47 -> 20416
D48: G0036 | E48: KAY KAY GROUP | F48: 96 | K48: 9600 | L48: 9600 | M48: 9600 | N48: 9600 | S48: =100*98 -> 9800 | T48: 9800 | W48: 9800 | X48: =R48+S48+T48-W48 -> 9800
D49: G0037 | E49: AZHAR ALI | F49: 96 | K49: 9600 | L49: 9600 | M49: 9600 | N49: 9600 | S49: =100*102.08 -> 10208 | T49: 10208 | X49: =R49+S49+T49-W49 -> 20416
D50: G0038 | E50: FALAKNAZ GROUP | F50: 144 | K50: 14400 | L50: 14400 | M50: 14400 | N50: 14400 | S50: =100*150.06 -> 15006 | T50: 15006 | X50: =R50+S50+T50-W50 -> 30012
B51: TOTAL | G51: =SUM(G3:G50) -> 2646018 | H51: =SUM(H3:H50) -> 2108722 | I51: =SUM(I3:I50) -> 4754740 | J51: =SUM(J3:J50) -> 158855 | K51: =SUM(K3:K50) -> 667705 | L51: =SUM(L3:L50) -> 992505 | M51: =SUM(M3:M50) -> 537400 | N51: =SUM(N3:N50) -> 406000 | ... T51: =SUM(T3:T50) -> 973007 | W51: =SUM(W3:W50) -> 567647 | X51: =SUM(X3:X50) -> 1886006
